 profile:            1
 cloud_weights (2330)
   1.0000000000000000     
 ctp_tau_histogram (2337)
  0.0  0.0  0.0  0.0  0.0  0.0  0.0
  0.0  0.0  0.0  0.0  0.0  0.0  0.0
  0.0  0.0  0.0  0.0  0.0  0.0  0.0
  0.0  0.0  0.0  0.0  0.0  0.0  0.0
  0.0  0.0  0.0  0.0  0.0  0.0  0.0
  0.0  0.0  0.0  0.0  0.0  0.0  0.0
  0.0  0.0  0.0  0.0  0.0  0.0  0.0
 calipso_tot_backscatter (2341)
   1    0.126091E-05
   2    0.502174E-05
   3    0.241929E-05
   4    0.586123E-05
   5    0.114978E-05
   6    0.112808E-05
   7    0.110432E-05
   8    0.108127E-05
   9    0.105447E-05
  10    0.102600E-05
  11    0.994149E-06
  12    0.961284E-06
  13    0.926575E-06
  14    0.888703E-06
  15    0.849087E-06
  16    0.807733E-06
  17    0.764014E-06
  18    0.718875E-06
  19    0.672181E-06
  20    0.623259E-06
  21    0.575124E-06
  22    0.527804E-06
  23    0.481076E-06
  24    0.433214E-06
  25    0.381612E-06
  26    0.331382E-06
  27    0.283808E-06
  28    0.239780E-06
  29    0.199378E-06
  30    0.162522E-06
  31    0.129392E-06
  32    0.101506E-06
  33    0.775443E-07
  34    0.574460E-07
  35    0.409454E-07
  36    0.271005E-07
  37    0.153633E-07
  38    0.601035E-08
 low/mid/high-level cloud mask/value (2321-2323, 2344-2346)
  1.0  0.0  1.0  0.0  1.0  0.0
 on 40 levels: 
 cf mask/liq/ice/undet and cfad_sr_backscatter_bins (2325, 2473-2475 and 2370)
   1  1.0  0.0  0.0  0.0  0.0  1.0  0.0  0.0  0.0  0.0  0.0  0.0  0.0  0.0  0.0  0.0  0.0  0.0  0.0
   2  1.0  0.0  0.0  0.0  0.0  1.0  0.0  0.0  0.0  0.0  0.0  0.0  0.0  0.0  0.0  0.0  0.0  0.0  0.0
   3  1.0  0.0  0.0  0.0  0.0  1.0  0.0  0.0  0.0  0.0  0.0  0.0  0.0  0.0  0.0  0.0  0.0  0.0  0.0
   4  1.0  0.0  0.0  0.0  0.0  1.0  0.0  0.0  0.0  0.0  0.0  0.0  0.0  0.0  0.0  0.0  0.0  0.0  0.0
   5  1.0  0.0  0.0  0.0  0.0  1.0  0.0  0.0  0.0  0.0  0.0  0.0  0.0  0.0  0.0  0.0  0.0  0.0  0.0
   6  1.0  0.0  0.0  0.0  0.0  1.0  0.0  0.0  0.0  0.0  0.0  0.0  0.0  0.0  0.0  0.0  0.0  0.0  0.0
   7  1.0  0.0  0.0  0.0  0.0  1.0  0.0  0.0  0.0  0.0  0.0  0.0  0.0  0.0  0.0  0.0  0.0  0.0  0.0
   8  1.0  0.0  0.0  0.0  0.0  1.0  0.0  0.0  0.0  0.0  0.0  0.0  0.0  0.0  0.0  0.0  0.0  0.0  0.0
   9  1.0  0.0  0.0  0.0  0.0  1.0  0.0  0.0  0.0  0.0  0.0  0.0  0.0  0.0  0.0  0.0  0.0  0.0  0.0
  10  1.0  0.0  0.0  0.0  0.0  1.0  0.0  0.0  0.0  0.0  0.0  0.0  0.0  0.0  0.0  0.0  0.0  0.0  0.0
  11  1.0  0.0  0.0  0.0  0.0  1.0  0.0  0.0  0.0  0.0  0.0  0.0  0.0  0.0  0.0  0.0  0.0  0.0  0.0
  12  1.0  0.0  0.0  0.0  0.0  1.0  0.0  0.0  0.0  0.0  0.0  0.0  0.0  0.0  0.0  0.0  0.0  0.0  0.0
  13  1.0  0.0  0.0  0.0  0.0  1.0  0.0  0.0  0.0  0.0  0.0  0.0  0.0  0.0  0.0  0.0  0.0  0.0  0.0
  14  1.0  0.0  0.0  0.0  0.0  1.0  0.0  0.0  0.0  0.0  0.0  0.0  0.0  0.0  0.0  0.0  0.0  0.0  0.0
  15  1.0  0.0  0.0  0.0  0.0  1.0  0.0  0.0  0.0  0.0  0.0  0.0  0.0  0.0  0.0  0.0  0.0  0.0  0.0
  16  1.0  0.0  0.0  0.0  0.0  1.0  0.0  0.0  0.0  0.0  0.0  0.0  0.0  0.0  0.0  0.0  0.0  0.0  0.0
  17  1.0  0.0  0.0  0.0  0.0  1.0  0.0  0.0  0.0  0.0  0.0  0.0  0.0  0.0  0.0  0.0  0.0  0.0  0.0
  18  1.0  0.0  0.0  0.0  0.0  1.0  0.0  0.0  0.0  0.0  0.0  0.0  0.0  0.0  0.0  0.0  0.0  0.0  0.0
  19  1.0  0.0  0.0  0.0  0.0  1.0  0.0  0.0  0.0  0.0  0.0  0.0  0.0  0.0  0.0  0.0  0.0  0.0  0.0
  20  1.0  0.0  0.0  0.0  0.0  1.0  0.0  0.0  0.0  0.0  0.0  0.0  0.0  0.0  0.0  0.0  0.0  0.0  0.0
  21  1.0  0.0  0.0  0.0  0.0  1.0  0.0  0.0  0.0  0.0  0.0  0.0  0.0  0.0  0.0  0.0  0.0  0.0  0.0
  22  1.0  0.0  0.0  0.0  0.0  1.0  0.0  0.0  0.0  0.0  0.0  0.0  0.0  0.0  0.0  0.0  0.0  0.0  0.0
  23  1.0  0.0  0.0  0.0  0.0  1.0  0.0  0.0  0.0  0.0  0.0  0.0  0.0  0.0  0.0  0.0  0.0  0.0  0.0
  24  1.0  0.0  0.0  0.0  0.0  1.0  0.0  0.0  0.0  0.0  0.0  0.0  0.0  0.0  0.0  0.0  0.0  0.0  0.0
  25  1.0  0.0  0.0  0.0  0.0  1.0  0.0  0.0  0.0  0.0  0.0  0.0  0.0  0.0  0.0  0.0  0.0  0.0  0.0
  26  1.0  0.0  0.0  0.0  0.0  1.0  0.0  0.0  0.0  0.0  0.0  0.0  0.0  0.0  0.0  0.0  0.0  0.0  0.0
  27  1.0  0.0  0.0  0.0  0.0  1.0  0.0  0.0  0.0  0.0  0.0  0.0  0.0  0.0  0.0  0.0  0.0  0.0  0.0
  28  1.0  0.0  0.0  0.0  0.0  1.0  0.0  0.0  0.0  0.0  0.0  0.0  0.0  0.0  0.0  0.0  0.0  0.0  0.0
  29  1.0  0.0  0.0  0.0  0.0  1.0  0.0  0.0  0.0  0.0  0.0  0.0  0.0  0.0  0.0  0.0  0.0  0.0  0.0
  30  1.0  0.0  0.0  0.0  0.0  1.0  0.0  0.0  0.0  0.0  0.0  0.0  0.0  0.0  0.0  0.0  0.0  0.0  0.0
  31  1.0  0.0  0.0  0.0  0.0  1.0  0.0  0.0  0.0  0.0  0.0  0.0  0.0  0.0  0.0  0.0  0.0  0.0  0.0
  32  1.0  0.0  0.0  0.0  0.0  1.0  0.0  0.0  0.0  0.0  0.0  0.0  0.0  0.0  0.0  0.0  0.0  0.0  0.0
  33  1.0  0.0  0.0  0.0  0.0  1.0  0.0  0.0  0.0  0.0  0.0  0.0  0.0  0.0  0.0  0.0  0.0  0.0  0.0
  34  1.0  0.0  0.0  0.0  0.0  1.0  0.0  0.0  0.0  0.0  0.0  0.0  0.0  0.0  0.0  0.0  0.0  0.0  0.0
  35  1.0  0.0  0.0  0.0  0.0  1.0  0.0  0.0  0.0  0.0  0.0  0.0  0.0  0.0  0.0  0.0  0.0  0.0  0.0
  36  1.0  0.0  0.0  0.0  0.0  1.0  0.0  0.0  0.0  0.0  0.0  0.0  0.0  0.0  0.0  0.0  0.0  0.0  0.0
  37  1.0  0.0  0.0  0.0  0.0  1.0  0.0  0.0  0.0  0.0  0.0  0.0  0.0  0.0  0.0  0.0  0.0  0.0  0.0
  38  1.0  0.0  0.0  0.0  0.0  0.0  1.0  0.0  0.0  0.0  0.0  0.0  0.0  0.0  0.0  0.0  0.0  0.0  0.0
  39  1.0  0.0  0.0  0.0  0.0  0.0  1.0  0.0  0.0  0.0  0.0  0.0  0.0  0.0  0.0  0.0  0.0  0.0  0.0
  40  0.0  0.0  0.0  0.0  0.0  0.0  0.0  0.0  0.0  0.0  0.0  0.0  0.0  0.0  0.0  0.0  0.0  0.0  0.0
 weighted cloud_albedo (2331)
  -0.0000000000000000     
 weighted ctp (2333)
  -0.0000000000000000     
 weighted total cloud area (2334)
   0.0000000000000000     
 on model levels: calipso_mol_backscatter (2340)
   1    0.119655E-05
   2    0.119270E-05
   3    0.118618E-05
   4    0.117305E-05
   5    0.114978E-05
   6    0.112808E-05
   7    0.110432E-05
   8    0.108127E-05
   9    0.105447E-05
  10    0.102600E-05
  11    0.994149E-06
  12    0.961284E-06
  13    0.926575E-06
  14    0.888703E-06
  15    0.849087E-06
  16    0.807733E-06
  17    0.764014E-06
  18    0.718875E-06
  19    0.672181E-06
  20    0.623259E-06
  21    0.575124E-06
  22    0.527804E-06
  23    0.481076E-06
  24    0.433214E-06
  25    0.381612E-06
  26    0.331382E-06
  27    0.283808E-06
  28    0.239780E-06
  29    0.199378E-06
  30    0.162522E-06
  31    0.129392E-06
  32    0.101506E-06
  33    0.775443E-07
  34    0.574460E-07
  35    0.409454E-07
  36    0.271005E-07
  37    0.153633E-07
  38    0.601035E-08
 on model levels: gbx mean cloudsat ze (2353)
   1    0.000000E+00
   2    0.000000E+00
   3    0.000000E+00
   4    0.000000E+00
   5    0.000000E+00
   6    0.000000E+00
   7    0.000000E+00
   8    0.000000E+00
   9    0.000000E+00
  10    0.000000E+00
  11    0.000000E+00
  12    0.000000E+00
  13    0.000000E+00
  14    0.000000E+00
  15    0.000000E+00
  16    0.000000E+00
  17    0.000000E+00
  18    0.000000E+00
  19    0.000000E+00
  20    0.000000E+00
  21    0.000000E+00
  22    0.000000E+00
  23    0.000000E+00
  24    0.000000E+00
  25    0.000000E+00
  26    0.000000E+00
  27    0.000000E+00
  28    0.000000E+00
  29    0.000000E+00
  30    0.000000E+00
  31    0.000000E+00
  32    0.000000E+00
  33    0.000000E+00
  34    0.000000E+00
  35    0.142415E-06
  36    0.218277E-08
  37    0.763042E-07
  38    0.121047E-11
 on 40 levels: gbx mean cloudsat ze (2354)
   1    0.000000E+00
   2    0.000000E+00
   3    0.000000E+00
   4    0.000000E+00
   5    0.000000E+00
   6    0.000000E+00
   7    0.000000E+00
   8    0.000000E+00
   9    0.000000E+00
  10    0.000000E+00
  11    0.000000E+00
  12    0.000000E+00
  13    0.000000E+00
  14    0.000000E+00
  15    0.000000E+00
  16    0.000000E+00
  17    0.000000E+00
  18    0.000000E+00
  19    0.000000E+00
  20    0.000000E+00
  21    0.000000E+00
  22    0.000000E+00
  23    0.000000E+00
  24    0.000000E+00
  25    0.000000E+00
  26    0.000000E+00
  27    0.000000E+00
  28    0.000000E+00
  29    0.000000E+00
  30    0.000000E+00
  31    0.000000E+00
  32    0.000000E+00
  33    0.000000E+00
  34    0.000000E+00
  35    0.000000E+00
  36    0.000000E+00
  37    0.000000E+00
  38    0.000000E+00
  39    0.000000E+00
  40    0.000000E+00
 on model levels: gbx mean calipso atb (2355)
   1    0.126091E-05
   2    0.502174E-05
   3    0.241929E-05
   4    0.586123E-05
   5    0.114978E-05
   6    0.112808E-05
   7    0.110432E-05
   8    0.108127E-05
   9    0.105447E-05
  10    0.102600E-05
  11    0.994149E-06
  12    0.961284E-06
  13    0.926575E-06
  14    0.888703E-06
  15    0.849087E-06
  16    0.807733E-06
  17    0.764014E-06
  18    0.718875E-06
  19    0.672181E-06
  20    0.623259E-06
  21    0.575124E-06
  22    0.527804E-06
  23    0.481076E-06
  24    0.433214E-06
  25    0.381612E-06
  26    0.331382E-06
  27    0.283808E-06
  28    0.239780E-06
  29    0.199378E-06
  30    0.162522E-06
  31    0.129392E-06
  32    0.101506E-06
  33    0.775443E-07
  34    0.574460E-07
  35    0.409454E-07
  36    0.271005E-07
  37    0.153633E-07
  38    0.601035E-08
 on 40 levels: gbx mean calipso atb (2356)
   1    0.110829E-05
   2    0.228333E-05
   3    0.199378E-06
   4    0.218482E-06
   5    0.239780E-06
   6    0.239780E-06
   7    0.280819E-06
   8    0.283808E-06
   9    0.310260E-06
  10    0.331382E-06
  11    0.347069E-06
  12    0.381612E-06
  13    0.390536E-06
  14    0.433214E-06
  15    0.439130E-06
  16    0.481076E-06
  17    0.488675E-06
  18    0.527804E-06
  19    0.541492E-06
  20    0.575124E-06
  21    0.599322E-06
  22    0.623259E-06
  23    0.662509E-06
  24    0.680927E-06
  25    0.718875E-06
  26    0.748536E-06
  27    0.773242E-06
  28    0.807733E-06
  29    0.842826E-06
  30    0.871635E-06
  31    0.902799E-06
  32    0.935504E-06
  33    0.968641E-06
  34    0.100280E-05
  35    0.103739E-05
  36    0.107079E-05
  37    0.110829E-05
  38    0.228333E-05
  39    0.352904E-05
  40    0.000000E+00
 on 40 levels: calipso_mol_backscatter (2357)
   1    0.170264E-06
   2    0.199378E-06
   3    0.199378E-06
   4    0.218482E-06
   5    0.239780E-06
   6    0.239780E-06
   7    0.280819E-06
   8    0.283808E-06
   9    0.310260E-06
  10    0.331382E-06
  11    0.347069E-06
  12    0.381612E-06
  13    0.390536E-06
  14    0.433214E-06
  15    0.439130E-06
  16    0.481076E-06
  17    0.488675E-06
  18    0.527804E-06
  19    0.541492E-06
  20    0.575124E-06
  21    0.599322E-06
  22    0.623259E-06
  23    0.662509E-06
  24    0.680927E-06
  25    0.718875E-06
  26    0.748536E-06
  27    0.773242E-06
  28    0.807733E-06
  29    0.842826E-06
  30    0.871635E-06
  31    0.902799E-06
  32    0.935504E-06
  33    0.968641E-06
  34    0.100280E-05
  35    0.103739E-05
  36    0.107079E-05
  37    0.110829E-05
  38    0.114921E-05
  39    0.118755E-05
  40   -0.100000E+21
 on model levels: calipso+cloudsat cloud (2358)
   1    0.000000E+00
   2    0.100000E+01
   3    0.000000E+00
   4    0.100000E+01
   5    0.000000E+00
   6    0.000000E+00
   7    0.000000E+00
   8    0.000000E+00
   9    0.000000E+00
  10    0.000000E+00
  11    0.000000E+00
  12    0.000000E+00
  13    0.000000E+00
  14    0.000000E+00
  15    0.000000E+00
  16    0.000000E+00
  17    0.000000E+00
  18    0.000000E+00
  19    0.000000E+00
  20    0.000000E+00
  21    0.000000E+00
  22    0.000000E+00
  23    0.000000E+00
  24    0.000000E+00
  25    0.000000E+00
  26    0.000000E+00
  27    0.000000E+00
  28    0.000000E+00
  29    0.000000E+00
  30    0.000000E+00
  31    0.000000E+00
  32    0.000000E+00
  33    0.000000E+00
  34    0.000000E+00
  35    0.000000E+00
  36    0.000000E+00
  37    0.000000E+00
  38    0.000000E+00
 on 40 levels: calipso+cloudsat cloud (2359)
   1    0.000000E+00
   2    0.000000E+00
   3    0.000000E+00
   4    0.000000E+00
   5    0.000000E+00
   6    0.000000E+00
   7    0.000000E+00
   8    0.000000E+00
   9    0.000000E+00
  10    0.000000E+00
  11    0.000000E+00
  12    0.000000E+00
  13    0.000000E+00
  14    0.000000E+00
  15    0.000000E+00
  16    0.000000E+00
  17    0.000000E+00
  18    0.000000E+00
  19    0.000000E+00
  20    0.000000E+00
  21    0.000000E+00
  22    0.000000E+00
  23    0.000000E+00
  24    0.000000E+00
  25    0.000000E+00
  26    0.000000E+00
  27    0.000000E+00
  28    0.000000E+00
  29    0.000000E+00
  30    0.000000E+00
  31    0.000000E+00
  32    0.000000E+00
  33    0.000000E+00
  34    0.000000E+00
  35    0.000000E+00
  36    0.000000E+00
  37    0.000000E+00
  38    0.000000E+00
  39    0.000000E+00
  40    0.000000E+00
 on 40 levels: calipso cloud area (2371)
           1   0.0000000000000000     
           2   0.0000000000000000     
           3   0.0000000000000000     
           4   0.0000000000000000     
           5   0.0000000000000000     
           6   0.0000000000000000     
           7   0.0000000000000000     
           8   0.0000000000000000     
           9   0.0000000000000000     
          10   0.0000000000000000     
          11   0.0000000000000000     
          12   0.0000000000000000     
          13   0.0000000000000000     
          14   0.0000000000000000     
          15   0.0000000000000000     
          16   0.0000000000000000     
          17   0.0000000000000000     
          18   0.0000000000000000     
          19   0.0000000000000000     
          20   0.0000000000000000     
          21   0.0000000000000000     
          22   0.0000000000000000     
          23   0.0000000000000000     
          24   0.0000000000000000     
          25   0.0000000000000000     
          26   0.0000000000000000     
          27   0.0000000000000000     
          28   0.0000000000000000     
          29   0.0000000000000000     
          30   0.0000000000000000     
          31   0.0000000000000000     
          32   0.0000000000000000     
          33   0.0000000000000000     
          34   0.0000000000000000     
          35   0.0000000000000000     
          36   0.0000000000000000     
          37   0.0000000000000000     
          38   0.0000000000000000     
          39   0.0000000000000000     
          40  -1.0000000150474662E+028
 on 40 levels: cloudsat cfad ze (2372)
   1  0.0  0.0  0.0  0.0  0.0  0.0  0.0  0.0  0.0  0.0  0.0  0.0  0.0  0.0  0.0
   2  0.0  0.0  0.0  0.0  0.0  0.0  0.0  0.0  0.0  0.0  0.0  0.0  0.0  0.0  0.0
   3  0.0  0.0  0.0  0.0  0.0  0.0  0.0  0.0  0.0  0.0  0.0  0.0  0.0  0.0  0.0
   4  0.0  0.0  0.0  0.0  0.0  0.0  0.0  0.0  0.0  0.0  0.0  0.0  0.0  0.0  0.0
   5  0.0  0.0  0.0  0.0  0.0  0.0  0.0  0.0  0.0  0.0  0.0  0.0  0.0  0.0  0.0
   6  0.0  0.0  0.0  0.0  0.0  0.0  0.0  0.0  0.0  0.0  0.0  0.0  0.0  0.0  0.0
   7  0.0  0.0  0.0  0.0  0.0  0.0  0.0  0.0  0.0  0.0  0.0  0.0  0.0  0.0  0.0
   8  0.0  0.0  0.0  0.0  0.0  0.0  0.0  0.0  0.0  0.0  0.0  0.0  0.0  0.0  0.0
   9  0.0  0.0  0.0  0.0  0.0  0.0  0.0  0.0  0.0  0.0  0.0  0.0  0.0  0.0  0.0
  10  0.0  0.0  0.0  0.0  0.0  0.0  0.0  0.0  0.0  0.0  0.0  0.0  0.0  0.0  0.0
  11  0.0  0.0  0.0  0.0  0.0  0.0  0.0  0.0  0.0  0.0  0.0  0.0  0.0  0.0  0.0
  12  0.0  0.0  0.0  0.0  0.0  0.0  0.0  0.0  0.0  0.0  0.0  0.0  0.0  0.0  0.0
  13  0.0  0.0  0.0  0.0  0.0  0.0  0.0  0.0  0.0  0.0  0.0  0.0  0.0  0.0  0.0
  14  0.0  0.0  0.0  0.0  0.0  0.0  0.0  0.0  0.0  0.0  0.0  0.0  0.0  0.0  0.0
  15  0.0  0.0  0.0  0.0  0.0  0.0  0.0  0.0  0.0  0.0  0.0  0.0  0.0  0.0  0.0
  16  0.0  0.0  0.0  0.0  0.0  0.0  0.0  0.0  0.0  0.0  0.0  0.0  0.0  0.0  0.0
  17  0.0  0.0  0.0  0.0  0.0  0.0  0.0  0.0  0.0  0.0  0.0  0.0  0.0  0.0  0.0
  18  0.0  0.0  0.0  0.0  0.0  0.0  0.0  0.0  0.0  0.0  0.0  0.0  0.0  0.0  0.0
  19  0.0  0.0  0.0  0.0  0.0  0.0  0.0  0.0  0.0  0.0  0.0  0.0  0.0  0.0  0.0
  20  0.0  0.0  0.0  0.0  0.0  0.0  0.0  0.0  0.0  0.0  0.0  0.0  0.0  0.0  0.0
  21  0.0  0.0  0.0  0.0  0.0  0.0  0.0  0.0  0.0  0.0  0.0  0.0  0.0  0.0  0.0
  22  0.0  0.0  0.0  0.0  0.0  0.0  0.0  0.0  0.0  0.0  0.0  0.0  0.0  0.0  0.0
  23  0.0  0.0  0.0  0.0  0.0  0.0  0.0  0.0  0.0  0.0  0.0  0.0  0.0  0.0  0.0
  24  0.0  0.0  0.0  0.0  0.0  0.0  0.0  0.0  0.0  0.0  0.0  0.0  0.0  0.0  0.0
  25  0.0  0.0  0.0  0.0  0.0  0.0  0.0  0.0  0.0  0.0  0.0  0.0  0.0  0.0  0.0
  26  0.0  0.0  0.0  0.0  0.0  0.0  0.0  0.0  0.0  0.0  0.0  0.0  0.0  0.0  0.0
  27  0.0  0.0  0.0  0.0  0.0  0.0  0.0  0.0  0.0  0.0  0.0  0.0  0.0  0.0  0.0
  28  0.0  0.0  0.0  0.0  0.0  0.0  0.0  0.0  0.0  0.0  0.0  0.0  0.0  0.0  0.0
  29  0.0  0.0  0.0  0.0  0.0  0.0  0.0  0.0  0.0  0.0  0.0  0.0  0.0  0.0  0.0
  30  0.0  0.0  0.0  0.0  0.0  0.0  0.0  0.0  0.0  0.0  0.0  0.0  0.0  0.0  0.0
  31  0.0  0.0  0.0  0.0  0.0  0.0  0.0  0.0  0.0  0.0  0.0  0.0  0.0  0.0  0.0
  32  0.0  0.0  0.0  0.0  0.0  0.0  0.0  0.0  0.0  0.0  0.0  0.0  0.0  0.0  0.0
  33  0.0  0.0  0.0  0.0  0.0  0.0  0.0  0.0  0.0  0.0  0.0  0.0  0.0  0.0  0.0
  34  0.0  0.0  0.0  0.0  0.0  0.0  0.0  0.0  0.0  0.0  0.0  0.0  0.0  0.0  0.0
  35  0.0  0.0  0.0  0.0  0.0  0.0  0.0  0.0  0.0  0.0  0.0  0.0  0.0  0.0  0.0
  36  0.0  0.0  0.0  0.0  0.0  0.0  0.0  0.0  0.0  0.0  0.0  0.0  0.0  0.0  0.0
  37  0.0  0.0  0.0  0.0  0.0  0.0  0.0  0.0  0.0  0.0  0.0  0.0  0.0  0.0  0.0
  38  1.0  0.0  0.0  0.0  0.0  0.0  0.0  0.0  0.0  0.0  0.0  0.0  0.0  0.0  0.0
  39  1.0  0.0  0.0  0.0  0.0  0.0  0.0  0.0  0.0  0.0  0.0  0.0  0.0  0.0  0.0
  40***************************************************************************
 profile:           11
 cloud_weights (2330)
   1.0000000000000000     
 ctp_tau_histogram (2337)
  0.0  0.0  0.0  0.0  0.0  0.0  0.0
  0.0  0.0  0.0  0.0  0.0  0.0  0.0
  0.0  0.0  0.0  0.0  0.0  0.0  0.0
  0.0  0.0  0.0  0.0  0.0  0.0  0.0
  0.0  0.0  0.0  0.0  0.0  0.0  0.0
  0.0  0.0  0.0  0.0  0.0  0.0  0.0
  0.0  0.0  0.0  0.0  0.0  0.0  0.0
 calipso_tot_backscatter (2341)
   1    0.112068E-05
   2    0.111703E-05
   3    0.111082E-05
   4    0.110205E-05
   5    0.109065E-05
   6    0.107301E-05
   7    0.105235E-05
   8    0.102930E-05
   9    0.100322E-05
  10    0.974139E-06
  11    0.942610E-06
  12    0.908603E-06
  13    0.871167E-06
  14    0.523445E-05
  15    0.857996E-06
  16    0.813556E-06
  17    0.768240E-06
  18    0.721543E-06
  19    0.674012E-06
  20    0.626472E-06
  21    0.578926E-06
  22    0.529797E-06
  23    0.476907E-06
  24    0.422449E-06
  25    0.369788E-06
  26    0.318993E-06
  27    0.273674E-06
  28    0.232720E-06
  29    0.195271E-06
  30    0.160536E-06
  31    0.128871E-06
  32    0.101148E-06
  33    0.770359E-07
  34    0.571546E-07
  35    0.408822E-07
  36    0.271810E-07
  37    0.154081E-07
  38    0.601913E-08
 low/mid/high-level cloud mask/value (2321-2323, 2344-2346)
  1.0  0.0  1.0  1.0  1.0  0.0
 on 40 levels: 
 cf mask/liq/ice/undet and cfad_sr_backscatter_bins (2325, 2473-2475 and 2370)
   1  1.0  0.0  0.0  0.0  0.0  1.0  0.0  0.0  0.0  0.0  0.0  0.0  0.0  0.0  0.0  0.0  0.0  0.0  0.0
   2  1.0  0.0  0.0  0.0  0.0  1.0  0.0  0.0  0.0  0.0  0.0  0.0  0.0  0.0  0.0  0.0  0.0  0.0  0.0
   3  1.0  0.0  0.0  0.0  0.0  1.0  0.0  0.0  0.0  0.0  0.0  0.0  0.0  0.0  0.0  0.0  0.0  0.0  0.0
   4  1.0  0.0  0.0  0.0  0.0  1.0  0.0  0.0  0.0  0.0  0.0  0.0  0.0  0.0  0.0  0.0  0.0  0.0  0.0
   5  1.0  0.0  0.0  0.0  0.0  1.0  0.0  0.0  0.0  0.0  0.0  0.0  0.0  0.0  0.0  0.0  0.0  0.0  0.0
   6  1.0  0.0  0.0  0.0  0.0  1.0  0.0  0.0  0.0  0.0  0.0  0.0  0.0  0.0  0.0  0.0  0.0  0.0  0.0
   7  1.0  0.0  0.0  0.0  0.0  1.0  0.0  0.0  0.0  0.0  0.0  0.0  0.0  0.0  0.0  0.0  0.0  0.0  0.0
   8  1.0  0.0  0.0  0.0  0.0  1.0  0.0  0.0  0.0  0.0  0.0  0.0  0.0  0.0  0.0  0.0  0.0  0.0  0.0
   9  1.0  0.0  0.0  0.0  0.0  1.0  0.0  0.0  0.0  0.0  0.0  0.0  0.0  0.0  0.0  0.0  0.0  0.0  0.0
  10  1.0  0.0  0.0  0.0  0.0  1.0  0.0  0.0  0.0  0.0  0.0  0.0  0.0  0.0  0.0  0.0  0.0  0.0  0.0
  11  1.0  0.0  0.0  0.0  0.0  1.0  0.0  0.0  0.0  0.0  0.0  0.0  0.0  0.0  0.0  0.0  0.0  0.0  0.0
  12  1.0  0.0  0.0  0.0  0.0  1.0  0.0  0.0  0.0  0.0  0.0  0.0  0.0  0.0  0.0  0.0  0.0  0.0  0.0
  13  1.0  0.0  0.0  0.0  0.0  1.0  0.0  0.0  0.0  0.0  0.0  0.0  0.0  0.0  0.0  0.0  0.0  0.0  0.0
  14  1.0  0.0  0.0  0.0  0.0  1.0  0.0  0.0  0.0  0.0  0.0  0.0  0.0  0.0  0.0  0.0  0.0  0.0  0.0
  15  1.0  0.0  0.0  0.0  0.0  1.0  0.0  0.0  0.0  0.0  0.0  0.0  0.0  0.0  0.0  0.0  0.0  0.0  0.0
  16  1.0  0.0  0.0  0.0  0.0  1.0  0.0  0.0  0.0  0.0  0.0  0.0  0.0  0.0  0.0  0.0  0.0  0.0  0.0
  17  1.0  0.0  0.0  0.0  0.0  1.0  0.0  0.0  0.0  0.0  0.0  0.0  0.0  0.0  0.0  0.0  0.0  0.0  0.0
  18  1.0  0.0  0.0  0.0  0.0  1.0  0.0  0.0  0.0  0.0  0.0  0.0  0.0  0.0  0.0  0.0  0.0  0.0  0.0
  19  1.0  0.0  0.0  0.0  0.0  1.0  0.0  0.0  0.0  0.0  0.0  0.0  0.0  0.0  0.0  0.0  0.0  0.0  0.0
  20  1.0  0.0  0.0  0.0  0.0  1.0  0.0  0.0  0.0  0.0  0.0  0.0  0.0  0.0  0.0  0.0  0.0  0.0  0.0
  21  1.0  0.0  0.0  0.0  0.0  1.0  0.0  0.0  0.0  0.0  0.0  0.0  0.0  0.0  0.0  0.0  0.0  0.0  0.0
  22  1.0  0.0  0.0  0.0  0.0  1.0  0.0  0.0  0.0  0.0  0.0  0.0  0.0  0.0  0.0  0.0  0.0  0.0  0.0
  23  1.0  0.0  0.0  0.0  0.0  1.0  0.0  0.0  0.0  0.0  0.0  0.0  0.0  0.0  0.0  0.0  0.0  0.0  0.0
  24  1.0  0.0  0.0  0.0  0.0  1.0  0.0  0.0  0.0  0.0  0.0  0.0  0.0  0.0  0.0  0.0  0.0  0.0  0.0
  25  1.0  0.0  0.0  0.0  0.0  1.0  0.0  0.0  0.0  0.0  0.0  0.0  0.0  0.0  0.0  0.0  0.0  0.0  0.0
  26  1.0  0.0  0.0  0.0  0.0  1.0  0.0  0.0  0.0  0.0  0.0  0.0  0.0  0.0  0.0  0.0  0.0  0.0  0.0
  27  1.0  0.0  0.0  0.0  0.0  1.0  0.0  0.0  0.0  0.0  0.0  0.0  0.0  0.0  0.0  0.0  0.0  0.0  0.0
  28  1.0  0.0  0.0  0.0  0.0  1.0  0.0  0.0  0.0  0.0  0.0  0.0  0.0  0.0  0.0  0.0  0.0  0.0  0.0
  29  1.0  0.0  0.0  0.0  0.0  1.0  0.0  0.0  0.0  0.0  0.0  0.0  0.0  0.0  0.0  0.0  0.0  0.0  0.0
  30  1.0  0.0  0.0  0.0  0.0  0.0  1.0  0.0  0.0  0.0  0.0  0.0  0.0  0.0  0.0  0.0  0.0  0.0  0.0
  31  1.0  0.0  1.0  0.0  0.0  0.0  0.0  0.0  1.0  0.0  0.0  0.0  0.0  0.0  0.0  0.0  0.0  0.0  0.0
  32  1.0  0.0  0.0  0.0  0.0  1.0  0.0  0.0  0.0  0.0  0.0  0.0  0.0  0.0  0.0  0.0  0.0  0.0  0.0
  33  1.0  0.0  0.0  0.0  0.0  1.0  0.0  0.0  0.0  0.0  0.0  0.0  0.0  0.0  0.0  0.0  0.0  0.0  0.0
  34  1.0  0.0  0.0  0.0  0.0  1.0  0.0  0.0  0.0  0.0  0.0  0.0  0.0  0.0  0.0  0.0  0.0  0.0  0.0
  35  1.0  0.0  0.0  0.0  0.0  1.0  0.0  0.0  0.0  0.0  0.0  0.0  0.0  0.0  0.0  0.0  0.0  0.0  0.0
  36  1.0  0.0  0.0  0.0  0.0  1.0  0.0  0.0  0.0  0.0  0.0  0.0  0.0  0.0  0.0  0.0  0.0  0.0  0.0
  37  1.0  0.0  0.0  0.0  0.0  1.0  0.0  0.0  0.0  0.0  0.0  0.0  0.0  0.0  0.0  0.0  0.0  0.0  0.0
  38  1.0  0.0  0.0  0.0  0.0  1.0  0.0  0.0  0.0  0.0  0.0  0.0  0.0  0.0  0.0  0.0  0.0  0.0  0.0
  39  1.0  0.0  0.0  0.0  0.0  1.0  0.0  0.0  0.0  0.0  0.0  0.0  0.0  0.0  0.0  0.0  0.0  0.0  0.0
  40  1.0  0.0  0.0  0.0  0.0  1.0  0.0  0.0  0.0  0.0  0.0  0.0  0.0  0.0  0.0  0.0  0.0  0.0  0.0
 weighted cloud_albedo (2331)
  -0.0000000000000000     
 weighted ctp (2333)
  -0.0000000000000000     
 weighted total cloud area (2334)
   0.0000000000000000     
 on model levels: calipso_mol_backscatter (2340)
   1    0.121439E-05
   2    0.121047E-05
   3    0.120373E-05
   4    0.119423E-05
   5    0.118187E-05
   6    0.116275E-05
   7    0.114036E-05
   8    0.111539E-05
   9    0.108713E-05
  10    0.105561E-05
  11    0.102145E-05
  12    0.984597E-06
  13    0.944030E-06
  14    0.900777E-06
  15    0.857996E-06
  16    0.813556E-06
  17    0.768240E-06
  18    0.721543E-06
  19    0.674012E-06
  20    0.626472E-06
  21    0.578926E-06
  22    0.529797E-06
  23    0.476907E-06
  24    0.422449E-06
  25    0.369788E-06
  26    0.318993E-06
  27    0.273674E-06
  28    0.232720E-06
  29    0.195271E-06
  30    0.160536E-06
  31    0.128871E-06
  32    0.101148E-06
  33    0.770359E-07
  34    0.571546E-07
  35    0.408822E-07
  36    0.271810E-07
  37    0.154081E-07
  38    0.601913E-08
 on model levels: gbx mean cloudsat ze (2353)
   1    0.000000E+00
   2    0.000000E+00
   3    0.000000E+00
   4    0.000000E+00
   5    0.000000E+00
   6    0.000000E+00
   7    0.000000E+00
   8    0.000000E+00
   9    0.000000E+00
  10    0.000000E+00
  11    0.000000E+00
  12    0.000000E+00
  13    0.000000E+00
  14    0.000000E+00
  15    0.000000E+00
  16    0.000000E+00
  17    0.129162E-02
  18    0.528732E-02
  19    0.151972E-02
  20    0.358786E-03
  21    0.142209E-03
  22    0.339959E-03
  23    0.991518E-03
  24    0.115606E-02
  25    0.105875E-02
  26    0.892237E-05
  27    0.983495E-05
  28    0.110423E-04
  29    0.118385E-04
  30    0.125450E-04
  31    0.129892E-04
  32    0.135693E-04
  33    0.140833E-04
  34    0.136202E-04
  35    0.141737E-04
  36    0.137790E-04
  37    0.134959E-04
  38    0.133239E-04
 on 40 levels: gbx mean cloudsat ze (2354)
   1    0.123932E-04
   2    0.118385E-04
   3    0.118385E-04
   4    0.114551E-04
   5    0.110423E-04
   6    0.110423E-04
   7    0.991600E-05
   8    0.983495E-05
   9    0.932681E-05
  10    0.892237E-05
  11    0.353717E-04
  12    0.105875E-02
  13    0.107115E-02
  14    0.115606E-02
  15    0.114492E-02
  16    0.991518E-03
  17    0.910997E-03
  18    0.339959E-03
  19    0.290537E-03
  20    0.142209E-03
  21    0.199567E-03
  22    0.358786E-03
  23    0.899282E-03
  24    0.151972E-02
  25    0.522908E-02
  26    0.288579E-02
  27    0.129162E-02
  28    0.000000E+00
  29    0.000000E+00
  30    0.000000E+00
  31    0.000000E+00
  32    0.000000E+00
  33    0.000000E+00
  34    0.000000E+00
  35    0.000000E+00
  36    0.000000E+00
  37    0.000000E+00
  38    0.000000E+00
  39    0.000000E+00
  40    0.000000E+00
 on model levels: gbx mean calipso atb (2355)
   1    0.112068E-05
   2    0.111703E-05
   3    0.111082E-05
   4    0.110205E-05
   5    0.109065E-05
   6    0.107301E-05
   7    0.105235E-05
   8    0.102930E-05
   9    0.100322E-05
  10    0.974139E-06
  11    0.942610E-06
  12    0.908603E-06
  13    0.871167E-06
  14    0.523445E-05
  15    0.857996E-06
  16    0.813556E-06
  17    0.768240E-06
  18    0.721543E-06
  19    0.674012E-06
  20    0.626472E-06
  21    0.578926E-06
  22    0.529797E-06
  23    0.476907E-06
  24    0.422449E-06
  25    0.369788E-06
  26    0.318993E-06
  27    0.273674E-06
  28    0.232720E-06
  29    0.195271E-06
  30    0.160536E-06
  31    0.128871E-06
  32    0.101148E-06
  33    0.770359E-07
  34    0.571546E-07
  35    0.408822E-07
  36    0.271810E-07
  37    0.154081E-07
  38    0.601913E-08
 on 40 levels: gbx mean calipso atb (2356)
   1    0.103809E-05
   2    0.107021E-05
   3    0.195271E-06
   4    0.212979E-06
   5    0.232720E-06
   6    0.232720E-06
   7    0.270771E-06
   8    0.273674E-06
   9    0.298362E-06
  10    0.318993E-06
  11    0.333641E-06
  12    0.369788E-06
  13    0.376763E-06
  14    0.422449E-06
  15    0.425884E-06
  16    0.476907E-06
  17    0.481092E-06
  18    0.529797E-06
  19    0.538653E-06
  20    0.578926E-06
  21    0.596335E-06
  22    0.626472E-06
  23    0.656732E-06
  24    0.674011E-06
  25    0.721120E-06
  26    0.741605E-06
  27    0.768240E-06
  28    0.811371E-06
  29    0.838327E-06
  30    0.193563E-05
  31    0.515576E-05
  32    0.871167E-06
  33    0.903835E-06
  34    0.936143E-06
  35    0.968761E-06
  36    0.100423E-05
  37    0.103809E-05
  38    0.107021E-05
  39    0.110059E-05
  40    0.111747E-05
 on 40 levels: calipso_mol_backscatter (2357)
   1    0.167832E-06
   2    0.195271E-06
   3    0.195271E-06
   4    0.212979E-06
   5    0.232720E-06
   6    0.232720E-06
   7    0.270771E-06
   8    0.273674E-06
   9    0.298362E-06
  10    0.318993E-06
  11    0.333641E-06
  12    0.369788E-06
  13    0.376763E-06
  14    0.422449E-06
  15    0.425884E-06
  16    0.476907E-06
  17    0.481092E-06
  18    0.529797E-06
  19    0.538653E-06
  20    0.578926E-06
  21    0.596335E-06
  22    0.626472E-06
  23    0.656732E-06
  24    0.674011E-06
  25    0.721120E-06
  26    0.741605E-06
  27    0.768240E-06
  28    0.811371E-06
  29    0.838327E-06
  30    0.868530E-06
  31    0.901557E-06
  32    0.944030E-06
  33    0.979430E-06
  34    0.101444E-05
  35    0.104979E-05
  36    0.108822E-05
  37    0.112491E-05
  38    0.115972E-05
  39    0.119265E-05
  40    0.121093E-05
 on model levels: calipso+cloudsat cloud (2358)
   1    0.000000E+00
   2    0.000000E+00
   3    0.000000E+00
   4    0.000000E+00
   5    0.000000E+00
   6    0.000000E+00
   7    0.000000E+00
   8    0.000000E+00
   9    0.000000E+00
  10    0.000000E+00
  11    0.000000E+00
  12    0.000000E+00
  13    0.000000E+00
  14    0.100000E+01
  15    0.000000E+00
  16    0.000000E+00
  17    0.100000E+01
  18    0.100000E+01
  19    0.100000E+01
  20    0.000000E+00
  21    0.000000E+00
  22    0.000000E+00
  23    0.000000E+00
  24    0.100000E+01
  25    0.100000E+01
  26    0.000000E+00
  27    0.000000E+00
  28    0.000000E+00
  29    0.000000E+00
  30    0.000000E+00
  31    0.000000E+00
  32    0.000000E+00
  33    0.000000E+00
  34    0.000000E+00
  35    0.000000E+00
  36    0.000000E+00
  37    0.000000E+00
  38    0.000000E+00
 on 40 levels: calipso+cloudsat cloud (2359)
   1    0.000000E+00
   2    0.000000E+00
   3    0.000000E+00
   4    0.000000E+00
   5    0.000000E+00
   6    0.000000E+00
   7    0.000000E+00
   8    0.000000E+00
   9    0.000000E+00
  10    0.000000E+00
  11    0.000000E+00
  12    0.100000E+01
  13    0.100000E+01
  14    0.100000E+01
  15    0.100000E+01
  16    0.000000E+00
  17    0.000000E+00
  18    0.000000E+00
  19    0.000000E+00
  20    0.000000E+00
  21    0.000000E+00
  22    0.000000E+00
  23    0.000000E+00
  24    0.100000E+01
  25    0.100000E+01
  26    0.100000E+01
  27    0.100000E+01
  28    0.000000E+00
  29    0.000000E+00
  30    0.000000E+00
  31    0.100000E+01
  32    0.000000E+00
  33    0.000000E+00
  34    0.000000E+00
  35    0.000000E+00
  36    0.000000E+00
  37    0.000000E+00
  38    0.000000E+00
  39    0.000000E+00
  40    0.000000E+00
 on 40 levels: calipso cloud area (2371)
           1   0.0000000000000000     
           2   0.0000000000000000     
           3   0.0000000000000000     
           4   0.0000000000000000     
           5   0.0000000000000000     
           6   0.0000000000000000     
           7   0.0000000000000000     
           8   0.0000000000000000     
           9   0.0000000000000000     
          10   0.0000000000000000     
          11   0.0000000000000000     
          12   0.0000000000000000     
          13   0.0000000000000000     
          14   0.0000000000000000     
          15   0.0000000000000000     
          16   0.0000000000000000     
          17   0.0000000000000000     
          18   0.0000000000000000     
          19   0.0000000000000000     
          20   0.0000000000000000     
          21   0.0000000000000000     
          22   0.0000000000000000     
          23   0.0000000000000000     
          24   0.0000000000000000     
          25   0.0000000000000000     
          26   0.0000000000000000     
          27   0.0000000000000000     
          28   0.0000000000000000     
          29   0.0000000000000000     
          30   0.0000000000000000     
          31   1.0000000000000000     
          32   0.0000000000000000     
          33   0.0000000000000000     
          34   0.0000000000000000     
          35   0.0000000000000000     
          36   0.0000000000000000     
          37   0.0000000000000000     
          38   0.0000000000000000     
          39   0.0000000000000000     
          40   0.0000000000000000     
 on 40 levels: cloudsat cfad ze (2372)
   1  0.0  0.0  0.0  0.0  0.0  0.0  0.0  0.0  0.0  0.0  0.0  0.0  0.0  0.0  0.0
   2  0.0  0.0  0.0  0.0  0.0  0.0  0.0  0.0  0.0  0.0  0.0  0.0  0.0  0.0  0.0
   3  0.0  0.0  0.0  0.0  0.0  0.0  0.0  0.0  0.0  0.0  0.0  0.0  0.0  0.0  0.0
   4  0.0  0.0  0.0  0.0  0.0  0.0  0.0  0.0  0.0  0.0  0.0  0.0  0.0  0.0  0.0
   5  0.0  0.0  0.0  0.0  0.0  0.0  0.0  0.0  0.0  0.0  0.0  0.0  0.0  0.0  0.0
   6  0.0  0.0  0.0  0.0  0.0  0.0  0.0  0.0  0.0  0.0  0.0  0.0  0.0  0.0  0.0
   7  0.0  0.0  0.0  0.0  0.0  0.0  0.0  0.0  0.0  0.0  0.0  0.0  0.0  0.0  0.0
   8  0.0  0.0  0.0  0.0  0.0  0.0  0.0  0.0  0.0  0.0  0.0  0.0  0.0  0.0  0.0
   9  0.0  0.0  0.0  0.0  0.0  0.0  0.0  0.0  0.0  0.0  0.0  0.0  0.0  0.0  0.0
  10  0.0  0.0  0.0  0.0  0.0  0.0  0.0  0.0  0.0  0.0  0.0  0.0  0.0  0.0  0.0
  11  0.0  0.0  0.0  0.0  0.0  0.0  0.0  0.0  0.0  0.0  0.0  0.0  0.0  0.0  0.0
  12  0.0  0.0  0.0  0.0  0.0  0.0  0.0  0.0  0.0  0.0  0.0  0.0  0.0  0.0  0.0
  13  0.0  0.0  0.0  0.0  0.0  0.0  0.0  0.0  0.0  0.0  0.0  0.0  0.0  0.0  0.0
  14  0.0  0.0  0.0  0.0  0.0  0.0  0.0  0.0  0.0  0.0  0.0  0.0  0.0  0.0  0.0
  15  0.0  0.0  0.0  0.0  0.0  0.0  0.0  0.0  0.0  0.0  0.0  0.0  0.0  0.0  0.0
  16  0.0  0.0  0.0  0.0  0.0  0.0  0.0  0.0  0.0  0.0  0.0  0.0  0.0  0.0  0.0
  17  0.0  0.0  1.0  0.0  0.0  0.0  0.0  0.0  0.0  0.0  0.0  0.0  0.0  0.0  0.0
  18  0.0  0.0  0.0  0.0  1.0  0.0  0.0  0.0  0.0  0.0  0.0  0.0  0.0  0.0  0.0
  19  0.0  0.0  0.0  0.0  1.0  0.0  0.0  0.0  0.0  0.0  0.0  0.0  0.0  0.0  0.0
  20  0.0  0.0  0.0  0.0  0.0  1.0  0.0  0.0  0.0  0.0  0.0  0.0  0.0  0.0  0.0
  21  0.0  0.0  0.0  0.0  0.0  1.0  0.0  0.0  0.0  0.0  0.0  0.0  0.0  0.0  0.0
  22  0.0  0.0  0.0  0.0  1.0  0.0  0.0  0.0  0.0  0.0  0.0  0.0  0.0  0.0  0.0
  23  0.0  0.0  0.0  1.0  0.0  0.0  0.0  0.0  0.0  0.0  0.0  0.0  0.0  0.0  0.0
  24  0.0  0.0  0.0  1.0  0.0  0.0  0.0  0.0  0.0  0.0  0.0  0.0  0.0  0.0  0.0
  25  0.0  0.0  1.0  0.0  0.0  0.0  0.0  0.0  0.0  0.0  0.0  0.0  0.0  0.0  0.0
  26  0.0  0.0  1.0  0.0  0.0  0.0  0.0  0.0  0.0  0.0  0.0  0.0  0.0  0.0  0.0
  27  0.0  0.0  0.0  1.0  0.0  0.0  0.0  0.0  0.0  0.0  0.0  0.0  0.0  0.0  0.0
  28  0.0  0.0  0.0  1.0  0.0  0.0  0.0  0.0  0.0  0.0  0.0  0.0  0.0  0.0  0.0
  29  0.0  0.0  0.0  0.0  1.0  0.0  0.0  0.0  0.0  0.0  0.0  0.0  0.0  0.0  0.0
  30  0.0  0.0  0.0  0.0  1.0  0.0  0.0  0.0  0.0  0.0  0.0  0.0  0.0  0.0  0.0
  31  0.0  0.0  0.0  0.0  1.0  0.0  0.0  0.0  0.0  0.0  0.0  0.0  0.0  0.0  0.0
  32  1.0  0.0  0.0  0.0  0.0  0.0  0.0  0.0  0.0  0.0  0.0  0.0  0.0  0.0  0.0
  33  1.0  0.0  0.0  0.0  0.0  0.0  0.0  0.0  0.0  0.0  0.0  0.0  0.0  0.0  0.0
  34  1.0  0.0  0.0  0.0  0.0  0.0  0.0  0.0  0.0  0.0  0.0  0.0  0.0  0.0  0.0
  35  1.0  0.0  0.0  0.0  0.0  0.0  0.0  0.0  0.0  0.0  0.0  0.0  0.0  0.0  0.0
  36  1.0  0.0  0.0  0.0  0.0  0.0  0.0  0.0  0.0  0.0  0.0  0.0  0.0  0.0  0.0
  37  1.0  0.0  0.0  0.0  0.0  0.0  0.0  0.0  0.0  0.0  0.0  0.0  0.0  0.0  0.0
  38  1.0  0.0  0.0  0.0  0.0  0.0  0.0  0.0  0.0  0.0  0.0  0.0  0.0  0.0  0.0
  39  1.0  0.0  0.0  0.0  0.0  0.0  0.0  0.0  0.0  0.0  0.0  0.0  0.0  0.0  0.0
  40  1.0  0.0  0.0  0.0  0.0  0.0  0.0  0.0  0.0  0.0  0.0  0.0  0.0  0.0  0.0
 profile:           21
 cloud_weights (2330)
   1.0000000000000000     
 ctp_tau_histogram (2337)
  0.0  0.0  0.0  0.0  0.0  0.0  0.0
  0.0  0.0  0.0  0.0  0.0  0.0  0.0
  0.0  0.0  0.0  0.0  0.0  0.0  0.0
  0.0  0.0  0.0  0.0  0.0  0.0  0.0
  0.0  0.0  0.0  0.0  0.0  0.0  0.0
  0.0  0.0  0.0  0.0  0.0  0.0  0.0
  0.0  0.0  0.0  0.0  0.0  0.0  0.0
 calipso_tot_backscatter (2341)
   1    0.122858E-05
   2    0.122448E-05
   3    0.121758E-05
   4    0.120464E-05
   5    0.118710E-05
   6    0.116749E-05
   7    0.114730E-05
   8    0.112256E-05
   9    0.109368E-05
  10    0.106095E-05
  11    0.102466E-05
  12    0.987302E-06
  13    0.950943E-06
  14    0.910429E-06
  15    0.867935E-06
  16    0.822819E-06
  17    0.776939E-06
  18    0.729446E-06
  19    0.681311E-06
  20    0.633125E-06
  21    0.584899E-06
  22    0.535650E-06
  23    0.484689E-06
  24    0.434585E-06
  25    0.381892E-06
  26    0.329412E-06
  27    0.281449E-06
  28    0.238342E-06
  29    0.198258E-06
  30    0.161495E-06
  31    0.129325E-06
  32    0.101530E-06
  33    0.774353E-07
  34    0.573582E-07
  35    0.408876E-07
  36    0.271047E-07
  37    0.153706E-07
  38    0.603220E-08
 low/mid/high-level cloud mask/value (2321-2323, 2344-2346)
  1.0  0.0  1.0  0.0  1.0  0.0
 on 40 levels: 
 cf mask/liq/ice/undet and cfad_sr_backscatter_bins (2325, 2473-2475 and 2370)
   1  1.0  0.0  0.0  0.0  0.0  1.0  0.0  0.0  0.0  0.0  0.0  0.0  0.0  0.0  0.0  0.0  0.0  0.0  0.0
   2  1.0  0.0  0.0  0.0  0.0  1.0  0.0  0.0  0.0  0.0  0.0  0.0  0.0  0.0  0.0  0.0  0.0  0.0  0.0
   3  1.0  0.0  0.0  0.0  0.0  1.0  0.0  0.0  0.0  0.0  0.0  0.0  0.0  0.0  0.0  0.0  0.0  0.0  0.0
   4  1.0  0.0  0.0  0.0  0.0  1.0  0.0  0.0  0.0  0.0  0.0  0.0  0.0  0.0  0.0  0.0  0.0  0.0  0.0
   5  1.0  0.0  0.0  0.0  0.0  1.0  0.0  0.0  0.0  0.0  0.0  0.0  0.0  0.0  0.0  0.0  0.0  0.0  0.0
   6  1.0  0.0  0.0  0.0  0.0  1.0  0.0  0.0  0.0  0.0  0.0  0.0  0.0  0.0  0.0  0.0  0.0  0.0  0.0
   7  1.0  0.0  0.0  0.0  0.0  1.0  0.0  0.0  0.0  0.0  0.0  0.0  0.0  0.0  0.0  0.0  0.0  0.0  0.0
   8  1.0  0.0  0.0  0.0  0.0  1.0  0.0  0.0  0.0  0.0  0.0  0.0  0.0  0.0  0.0  0.0  0.0  0.0  0.0
   9  1.0  0.0  0.0  0.0  0.0  1.0  0.0  0.0  0.0  0.0  0.0  0.0  0.0  0.0  0.0  0.0  0.0  0.0  0.0
  10  1.0  0.0  0.0  0.0  0.0  1.0  0.0  0.0  0.0  0.0  0.0  0.0  0.0  0.0  0.0  0.0  0.0  0.0  0.0
  11  1.0  0.0  0.0  0.0  0.0  1.0  0.0  0.0  0.0  0.0  0.0  0.0  0.0  0.0  0.0  0.0  0.0  0.0  0.0
  12  1.0  0.0  0.0  0.0  0.0  1.0  0.0  0.0  0.0  0.0  0.0  0.0  0.0  0.0  0.0  0.0  0.0  0.0  0.0
  13  1.0  0.0  0.0  0.0  0.0  1.0  0.0  0.0  0.0  0.0  0.0  0.0  0.0  0.0  0.0  0.0  0.0  0.0  0.0
  14  1.0  0.0  0.0  0.0  0.0  1.0  0.0  0.0  0.0  0.0  0.0  0.0  0.0  0.0  0.0  0.0  0.0  0.0  0.0
  15  1.0  0.0  0.0  0.0  0.0  1.0  0.0  0.0  0.0  0.0  0.0  0.0  0.0  0.0  0.0  0.0  0.0  0.0  0.0
  16  1.0  0.0  0.0  0.0  0.0  1.0  0.0  0.0  0.0  0.0  0.0  0.0  0.0  0.0  0.0  0.0  0.0  0.0  0.0
  17  1.0  0.0  0.0  0.0  0.0  1.0  0.0  0.0  0.0  0.0  0.0  0.0  0.0  0.0  0.0  0.0  0.0  0.0  0.0
  18  1.0  0.0  0.0  0.0  0.0  1.0  0.0  0.0  0.0  0.0  0.0  0.0  0.0  0.0  0.0  0.0  0.0  0.0  0.0
  19  1.0  0.0  0.0  0.0  0.0  1.0  0.0  0.0  0.0  0.0  0.0  0.0  0.0  0.0  0.0  0.0  0.0  0.0  0.0
  20  1.0  0.0  0.0  0.0  0.0  1.0  0.0  0.0  0.0  0.0  0.0  0.0  0.0  0.0  0.0  0.0  0.0  0.0  0.0
  21  1.0  0.0  0.0  0.0  0.0  1.0  0.0  0.0  0.0  0.0  0.0  0.0  0.0  0.0  0.0  0.0  0.0  0.0  0.0
  22  1.0  0.0  0.0  0.0  0.0  1.0  0.0  0.0  0.0  0.0  0.0  0.0  0.0  0.0  0.0  0.0  0.0  0.0  0.0
  23  1.0  0.0  0.0  0.0  0.0  1.0  0.0  0.0  0.0  0.0  0.0  0.0  0.0  0.0  0.0  0.0  0.0  0.0  0.0
  24  1.0  0.0  0.0  0.0  0.0  1.0  0.0  0.0  0.0  0.0  0.0  0.0  0.0  0.0  0.0  0.0  0.0  0.0  0.0
  25  1.0  0.0  0.0  0.0  0.0  1.0  0.0  0.0  0.0  0.0  0.0  0.0  0.0  0.0  0.0  0.0  0.0  0.0  0.0
  26  1.0  0.0  0.0  0.0  0.0  1.0  0.0  0.0  0.0  0.0  0.0  0.0  0.0  0.0  0.0  0.0  0.0  0.0  0.0
  27  1.0  0.0  0.0  0.0  0.0  1.0  0.0  0.0  0.0  0.0  0.0  0.0  0.0  0.0  0.0  0.0  0.0  0.0  0.0
  28  1.0  0.0  0.0  0.0  0.0  1.0  0.0  0.0  0.0  0.0  0.0  0.0  0.0  0.0  0.0  0.0  0.0  0.0  0.0
  29  1.0  0.0  0.0  0.0  0.0  1.0  0.0  0.0  0.0  0.0  0.0  0.0  0.0  0.0  0.0  0.0  0.0  0.0  0.0
  30  1.0  0.0  0.0  0.0  0.0  1.0  0.0  0.0  0.0  0.0  0.0  0.0  0.0  0.0  0.0  0.0  0.0  0.0  0.0
  31  1.0  0.0  0.0  0.0  0.0  1.0  0.0  0.0  0.0  0.0  0.0  0.0  0.0  0.0  0.0  0.0  0.0  0.0  0.0
  32  1.0  0.0  0.0  0.0  0.0  1.0  0.0  0.0  0.0  0.0  0.0  0.0  0.0  0.0  0.0  0.0  0.0  0.0  0.0
  33  1.0  0.0  0.0  0.0  0.0  1.0  0.0  0.0  0.0  0.0  0.0  0.0  0.0  0.0  0.0  0.0  0.0  0.0  0.0
  34  1.0  0.0  0.0  0.0  0.0  1.0  0.0  0.0  0.0  0.0  0.0  0.0  0.0  0.0  0.0  0.0  0.0  0.0  0.0
  35  1.0  0.0  0.0  0.0  0.0  1.0  0.0  0.0  0.0  0.0  0.0  0.0  0.0  0.0  0.0  0.0  0.0  0.0  0.0
  36  1.0  0.0  0.0  0.0  0.0  1.0  0.0  0.0  0.0  0.0  0.0  0.0  0.0  0.0  0.0  0.0  0.0  0.0  0.0
  37  1.0  0.0  0.0  0.0  0.0  1.0  0.0  0.0  0.0  0.0  0.0  0.0  0.0  0.0  0.0  0.0  0.0  0.0  0.0
  38  1.0  0.0  0.0  0.0  0.0  1.0  0.0  0.0  0.0  0.0  0.0  0.0  0.0  0.0  0.0  0.0  0.0  0.0  0.0
  39  1.0  0.0  0.0  0.0  0.0  1.0  0.0  0.0  0.0  0.0  0.0  0.0  0.0  0.0  0.0  0.0  0.0  0.0  0.0
  40  1.0  0.0  0.0  0.0  0.0  1.0  0.0  0.0  0.0  0.0  0.0  0.0  0.0  0.0  0.0  0.0  0.0  0.0  0.0
 weighted cloud_albedo (2331)
  -0.0000000000000000     
 weighted ctp (2333)
  -0.0000000000000000     
 weighted total cloud area (2334)
   0.0000000000000000     
 on model levels: calipso_mol_backscatter (2340)
   1    0.122858E-05
   2    0.122448E-05
   3    0.121758E-05
   4    0.120464E-05
   5    0.118710E-05
   6    0.116749E-05
   7    0.114730E-05
   8    0.112256E-05
   9    0.109368E-05
  10    0.106095E-05
  11    0.102466E-05
  12    0.987302E-06
  13    0.950943E-06
  14    0.910429E-06
  15    0.867935E-06
  16    0.822819E-06
  17    0.776939E-06
  18    0.729446E-06
  19    0.681311E-06
  20    0.633125E-06
  21    0.584899E-06
  22    0.535650E-06
  23    0.484689E-06
  24    0.434585E-06
  25    0.381892E-06
  26    0.329412E-06
  27    0.281449E-06
  28    0.238342E-06
  29    0.198258E-06
  30    0.161495E-06
  31    0.129325E-06
  32    0.101530E-06
  33    0.774353E-07
  34    0.573582E-07
  35    0.408876E-07
  36    0.271047E-07
  37    0.153706E-07
  38    0.603220E-08
 on model levels: gbx mean cloudsat ze (2353)
   1    0.000000E+00
   2    0.000000E+00
   3    0.000000E+00
   4    0.000000E+00
   5    0.000000E+00
   6    0.000000E+00
   7    0.000000E+00
   8    0.000000E+00
   9    0.000000E+00
  10    0.000000E+00
  11    0.000000E+00
  12    0.000000E+00
  13    0.000000E+00
  14    0.000000E+00
  15    0.000000E+00
  16    0.000000E+00
  17    0.000000E+00
  18    0.000000E+00
  19    0.000000E+00
  20    0.000000E+00
  21    0.000000E+00
  22    0.000000E+00
  23    0.000000E+00
  24    0.000000E+00
  25    0.000000E+00
  26    0.000000E+00
  27    0.000000E+00
  28    0.000000E+00
  29    0.000000E+00
  30    0.000000E+00
  31    0.000000E+00
  32    0.000000E+00
  33    0.000000E+00
  34    0.000000E+00
  35    0.000000E+00
  36    0.000000E+00
  37    0.000000E+00
  38    0.000000E+00
 on 40 levels: gbx mean cloudsat ze (2354)
   1    0.000000E+00
   2    0.000000E+00
   3    0.000000E+00
   4    0.000000E+00
   5    0.000000E+00
   6    0.000000E+00
   7    0.000000E+00
   8    0.000000E+00
   9    0.000000E+00
  10    0.000000E+00
  11    0.000000E+00
  12    0.000000E+00
  13    0.000000E+00
  14    0.000000E+00
  15    0.000000E+00
  16    0.000000E+00
  17    0.000000E+00
  18    0.000000E+00
  19    0.000000E+00
  20    0.000000E+00
  21    0.000000E+00
  22    0.000000E+00
  23    0.000000E+00
  24    0.000000E+00
  25    0.000000E+00
  26    0.000000E+00
  27    0.000000E+00
  28    0.000000E+00
  29    0.000000E+00
  30    0.000000E+00
  31    0.000000E+00
  32    0.000000E+00
  33    0.000000E+00
  34    0.000000E+00
  35    0.000000E+00
  36    0.000000E+00
  37    0.000000E+00
  38    0.000000E+00
  39    0.000000E+00
  40    0.000000E+00
 on model levels: gbx mean calipso atb (2355)
   1    0.122858E-05
   2    0.122448E-05
   3    0.121758E-05
   4    0.120464E-05
   5    0.118710E-05
   6    0.116749E-05
   7    0.114730E-05
   8    0.112256E-05
   9    0.109368E-05
  10    0.106095E-05
  11    0.102466E-05
  12    0.987302E-06
  13    0.950943E-06
  14    0.910429E-06
  15    0.867935E-06
  16    0.822819E-06
  17    0.776939E-06
  18    0.729446E-06
  19    0.681311E-06
  20    0.633125E-06
  21    0.584899E-06
  22    0.535650E-06
  23    0.484689E-06
  24    0.434585E-06
  25    0.381892E-06
  26    0.329412E-06
  27    0.281449E-06
  28    0.238342E-06
  29    0.198258E-06
  30    0.161495E-06
  31    0.129325E-06
  32    0.101530E-06
  33    0.774353E-07
  34    0.573582E-07
  35    0.408876E-07
  36    0.271047E-07
  37    0.153706E-07
  38    0.603220E-08
 on 40 levels: gbx mean calipso atb (2356)
   1    0.111646E-05
   2    0.115445E-05
   3    0.198258E-06
   4    0.217212E-06
   5    0.238342E-06
   6    0.238342E-06
   7    0.278303E-06
   8    0.281449E-06
   9    0.307201E-06
  10    0.329412E-06
  11    0.343669E-06
  12    0.381892E-06
  13    0.387381E-06
  14    0.434585E-06
  15    0.435629E-06
  16    0.484689E-06
  17    0.485751E-06
  18    0.535650E-06
  19    0.540780E-06
  20    0.584899E-06
  21    0.597960E-06
  22    0.633125E-06
  23    0.658222E-06
  24    0.681311E-06
  25    0.722426E-06
  26    0.742309E-06
  27    0.776939E-06
  28    0.812305E-06
  29    0.838797E-06
  30    0.868820E-06
  31    0.910429E-06
  32    0.941658E-06
  33    0.972910E-06
  34    0.100676E-05
  35    0.104356E-05
  36    0.108073E-05
  37    0.111646E-05
  38    0.115445E-05
  39    0.118736E-05
  40    0.121944E-05
 on 40 levels: calipso_mol_backscatter (2357)
   1    0.169217E-06
   2    0.198258E-06
   3    0.198258E-06
   4    0.217212E-06
   5    0.238342E-06
   6    0.238342E-06
   7    0.278303E-06
   8    0.281449E-06
   9    0.307201E-06
  10    0.329412E-06
  11    0.343669E-06
  12    0.381892E-06
  13    0.387381E-06
  14    0.434585E-06
  15    0.435629E-06
  16    0.484689E-06
  17    0.485751E-06
  18    0.535650E-06
  19    0.540780E-06
  20    0.584899E-06
  21    0.597960E-06
  22    0.633125E-06
  23    0.658222E-06
  24    0.681311E-06
  25    0.722426E-06
  26    0.742309E-06
  27    0.776939E-06
  28    0.812305E-06
  29    0.838797E-06
  30    0.868820E-06
  31    0.910429E-06
  32    0.941658E-06
  33    0.972910E-06
  34    0.100676E-05
  35    0.104356E-05
  36    0.108073E-05
  37    0.111646E-05
  38    0.115445E-05
  39    0.118736E-05
  40    0.121944E-05
 on model levels: calipso+cloudsat cloud (2358)
   1    0.000000E+00
   2    0.000000E+00
   3    0.000000E+00
   4    0.000000E+00
   5    0.000000E+00
   6    0.000000E+00
   7    0.000000E+00
   8    0.000000E+00
   9    0.000000E+00
  10    0.000000E+00
  11    0.000000E+00
  12    0.000000E+00
  13    0.000000E+00
  14    0.000000E+00
  15    0.000000E+00
  16    0.000000E+00
  17    0.000000E+00
  18    0.000000E+00
  19    0.000000E+00
  20    0.000000E+00
  21    0.000000E+00
  22    0.000000E+00
  23    0.000000E+00
  24    0.000000E+00
  25    0.000000E+00
  26    0.000000E+00
  27    0.000000E+00
  28    0.000000E+00
  29    0.000000E+00
  30    0.000000E+00
  31    0.000000E+00
  32    0.000000E+00
  33    0.000000E+00
  34    0.000000E+00
  35    0.000000E+00
  36    0.000000E+00
  37    0.000000E+00
  38    0.000000E+00
 on 40 levels: calipso+cloudsat cloud (2359)
   1    0.000000E+00
   2    0.000000E+00
   3    0.000000E+00
   4    0.000000E+00
   5    0.000000E+00
   6    0.000000E+00
   7    0.000000E+00
   8    0.000000E+00
   9    0.000000E+00
  10    0.000000E+00
  11    0.000000E+00
  12    0.000000E+00
  13    0.000000E+00
  14    0.000000E+00
  15    0.000000E+00
  16    0.000000E+00
  17    0.000000E+00
  18    0.000000E+00
  19    0.000000E+00
  20    0.000000E+00
  21    0.000000E+00
  22    0.000000E+00
  23    0.000000E+00
  24    0.000000E+00
  25    0.000000E+00
  26    0.000000E+00
  27    0.000000E+00
  28    0.000000E+00
  29    0.000000E+00
  30    0.000000E+00
  31    0.000000E+00
  32    0.000000E+00
  33    0.000000E+00
  34    0.000000E+00
  35    0.000000E+00
  36    0.000000E+00
  37    0.000000E+00
  38    0.000000E+00
  39    0.000000E+00
  40    0.000000E+00
 on 40 levels: calipso cloud area (2371)
           1   0.0000000000000000     
           2   0.0000000000000000     
           3   0.0000000000000000     
           4   0.0000000000000000     
           5   0.0000000000000000     
           6   0.0000000000000000     
           7   0.0000000000000000     
           8   0.0000000000000000     
           9   0.0000000000000000     
          10   0.0000000000000000     
          11   0.0000000000000000     
          12   0.0000000000000000     
          13   0.0000000000000000     
          14   0.0000000000000000     
          15   0.0000000000000000     
          16   0.0000000000000000     
          17   0.0000000000000000     
          18   0.0000000000000000     
          19   0.0000000000000000     
          20   0.0000000000000000     
          21   0.0000000000000000     
          22   0.0000000000000000     
          23   0.0000000000000000     
          24   0.0000000000000000     
          25   0.0000000000000000     
          26   0.0000000000000000     
          27   0.0000000000000000     
          28   0.0000000000000000     
          29   0.0000000000000000     
          30   0.0000000000000000     
          31   0.0000000000000000     
          32   0.0000000000000000     
          33   0.0000000000000000     
          34   0.0000000000000000     
          35   0.0000000000000000     
          36   0.0000000000000000     
          37   0.0000000000000000     
          38   0.0000000000000000     
          39   0.0000000000000000     
          40   0.0000000000000000     
 on 40 levels: cloudsat cfad ze (2372)
   1  0.0  0.0  0.0  0.0  0.0  0.0  0.0  0.0  0.0  0.0  0.0  0.0  0.0  0.0  0.0
   2  0.0  0.0  0.0  0.0  0.0  0.0  0.0  0.0  0.0  0.0  0.0  0.0  0.0  0.0  0.0
   3  0.0  0.0  0.0  0.0  0.0  0.0  0.0  0.0  0.0  0.0  0.0  0.0  0.0  0.0  0.0
   4  0.0  0.0  0.0  0.0  0.0  0.0  0.0  0.0  0.0  0.0  0.0  0.0  0.0  0.0  0.0
   5  0.0  0.0  0.0  0.0  0.0  0.0  0.0  0.0  0.0  0.0  0.0  0.0  0.0  0.0  0.0
   6  0.0  0.0  0.0  0.0  0.0  0.0  0.0  0.0  0.0  0.0  0.0  0.0  0.0  0.0  0.0
   7  0.0  0.0  0.0  0.0  0.0  0.0  0.0  0.0  0.0  0.0  0.0  0.0  0.0  0.0  0.0
   8  0.0  0.0  0.0  0.0  0.0  0.0  0.0  0.0  0.0  0.0  0.0  0.0  0.0  0.0  0.0
   9  0.0  0.0  0.0  0.0  0.0  0.0  0.0  0.0  0.0  0.0  0.0  0.0  0.0  0.0  0.0
  10  0.0  0.0  0.0  0.0  0.0  0.0  0.0  0.0  0.0  0.0  0.0  0.0  0.0  0.0  0.0
  11  0.0  0.0  0.0  0.0  0.0  0.0  0.0  0.0  0.0  0.0  0.0  0.0  0.0  0.0  0.0
  12  0.0  0.0  0.0  0.0  0.0  0.0  0.0  0.0  0.0  0.0  0.0  0.0  0.0  0.0  0.0
  13  0.0  0.0  0.0  0.0  0.0  0.0  0.0  0.0  0.0  0.0  0.0  0.0  0.0  0.0  0.0
  14  0.0  0.0  0.0  0.0  0.0  0.0  0.0  0.0  0.0  0.0  0.0  0.0  0.0  0.0  0.0
  15  0.0  0.0  0.0  0.0  0.0  0.0  0.0  0.0  0.0  0.0  0.0  0.0  0.0  0.0  0.0
  16  0.0  0.0  0.0  0.0  0.0  0.0  0.0  0.0  0.0  0.0  0.0  0.0  0.0  0.0  0.0
  17  0.0  0.0  0.0  0.0  0.0  0.0  0.0  0.0  0.0  0.0  0.0  0.0  0.0  0.0  0.0
  18  0.0  0.0  0.0  0.0  0.0  0.0  0.0  0.0  0.0  0.0  0.0  0.0  0.0  0.0  0.0
  19  0.0  0.0  0.0  0.0  0.0  0.0  0.0  0.0  0.0  0.0  0.0  0.0  0.0  0.0  0.0
  20  0.0  0.0  0.0  0.0  0.0  0.0  0.0  0.0  0.0  0.0  0.0  0.0  0.0  0.0  0.0
  21  0.0  0.0  0.0  0.0  0.0  0.0  0.0  0.0  0.0  0.0  0.0  0.0  0.0  0.0  0.0
  22  0.0  0.0  0.0  0.0  0.0  0.0  0.0  0.0  0.0  0.0  0.0  0.0  0.0  0.0  0.0
  23  0.0  0.0  0.0  0.0  0.0  0.0  0.0  0.0  0.0  0.0  0.0  0.0  0.0  0.0  0.0
  24  0.0  0.0  0.0  0.0  0.0  0.0  0.0  0.0  0.0  0.0  0.0  0.0  0.0  0.0  0.0
  25  0.0  0.0  0.0  0.0  0.0  0.0  0.0  0.0  0.0  0.0  0.0  0.0  0.0  0.0  0.0
  26  0.0  0.0  0.0  0.0  0.0  0.0  0.0  0.0  0.0  0.0  0.0  0.0  0.0  0.0  0.0
  27  0.0  0.0  0.0  0.0  0.0  0.0  0.0  0.0  0.0  0.0  0.0  0.0  0.0  0.0  0.0
  28  0.0  0.0  0.0  0.0  0.0  0.0  0.0  0.0  0.0  0.0  0.0  0.0  0.0  0.0  0.0
  29  0.0  0.0  0.0  0.0  0.0  0.0  0.0  0.0  0.0  0.0  0.0  0.0  0.0  0.0  0.0
  30  0.0  0.0  0.0  0.0  0.0  0.0  0.0  0.0  0.0  0.0  0.0  0.0  0.0  0.0  0.0
  31  0.0  0.0  0.0  0.0  0.0  0.0  0.0  0.0  0.0  0.0  0.0  0.0  0.0  0.0  0.0
  32  0.0  0.0  0.0  0.0  0.0  0.0  0.0  0.0  0.0  0.0  0.0  0.0  0.0  0.0  0.0
  33  0.0  0.0  0.0  0.0  0.0  0.0  0.0  0.0  0.0  0.0  0.0  0.0  0.0  0.0  0.0
  34  0.0  0.0  0.0  0.0  0.0  0.0  0.0  0.0  0.0  0.0  0.0  0.0  0.0  0.0  0.0
  35  0.0  0.0  0.0  0.0  0.0  0.0  0.0  0.0  0.0  0.0  0.0  0.0  0.0  0.0  0.0
  36  0.0  0.0  0.0  0.0  0.0  0.0  0.0  0.0  0.0  0.0  0.0  0.0  0.0  0.0  0.0
  37  0.0  0.0  0.0  0.0  0.0  0.0  0.0  0.0  0.0  0.0  0.0  0.0  0.0  0.0  0.0
  38  0.0  0.0  0.0  0.0  0.0  0.0  0.0  0.0  0.0  0.0  0.0  0.0  0.0  0.0  0.0
  39  0.0  0.0  0.0  0.0  0.0  0.0  0.0  0.0  0.0  0.0  0.0  0.0  0.0  0.0  0.0
  40  0.0  0.0  0.0  0.0  0.0  0.0  0.0  0.0  0.0  0.0  0.0  0.0  0.0  0.0  0.0
 profile:           31
 cloud_weights (2330)
   1.0000000000000000     
 ctp_tau_histogram (2337)
  0.0  0.0  1.0  0.0  0.0  0.0  0.0
  0.0  0.0  0.0  0.0  0.0  0.0  0.0
  0.0  0.0  0.0  0.0  0.0  0.0  0.0
  0.0  0.0  0.0  0.0  0.0  0.0  0.0
  0.0  0.0  0.0  0.0  0.0  0.0  0.0
  0.0  0.0  0.0  0.0  0.0  0.0  0.0
  0.0  0.0  0.0  0.0  0.0  0.0  0.0
 calipso_tot_backscatter (2341)
   1    0.430039E-18
   2    0.426720E-18
   3    0.420736E-18
   4    0.415886E-18
   5    0.410881E-18
   6    0.404968E-18
   7    0.397852E-18
   8    0.592258E-18
   9    0.381471E-18
  10    0.370672E-18
  11    0.125830E-17
  12    0.482391E-17
  13    0.600483E-16
  14    0.348311E-17
  15    0.421213E-16
  16    0.134544E-15
  17    0.262101E-14
  18    0.317596E-07
  19    0.479834E-09
  20    0.446358E-09
  21    0.413490E-09
  22    0.380770E-09
  23    0.348873E-04
  24    0.424056E-06
  25    0.367670E-06
  26    0.316666E-06
  27    0.271430E-06
  28    0.231251E-06
  29    0.194362E-06
  30    0.160184E-06
  31    0.128852E-06
  32    0.101183E-06
  33    0.772301E-07
  34    0.573052E-07
  35    0.408583E-07
  36    0.271186E-07
  37    0.154081E-07
  38    0.601333E-08
 low/mid/high-level cloud mask/value (2321-2323, 2344-2346)
  0.0  0.0  1.0  0.0  1.0  1.0
 on 40 levels: 
 cf mask/liq/ice/undet and cfad_sr_backscatter_bins (2325, 2473-2475 and 2370)
   1  1.0  0.0  0.0  0.0  0.0  1.0  0.0  0.0  0.0  0.0  0.0  0.0  0.0  0.0  0.0  0.0  0.0  0.0  0.0
   2  1.0  0.0  0.0  0.0  0.0  1.0  0.0  0.0  0.0  0.0  0.0  0.0  0.0  0.0  0.0  0.0  0.0  0.0  0.0
   3  1.0  0.0  0.0  0.0  0.0  1.0  0.0  0.0  0.0  0.0  0.0  0.0  0.0  0.0  0.0  0.0  0.0  0.0  0.0
   4  1.0  0.0  0.0  0.0  0.0  1.0  0.0  0.0  0.0  0.0  0.0  0.0  0.0  0.0  0.0  0.0  0.0  0.0  0.0
   5  1.0  0.0  0.0  0.0  0.0  1.0  0.0  0.0  0.0  0.0  0.0  0.0  0.0  0.0  0.0  0.0  0.0  0.0  0.0
   6  1.0  0.0  0.0  0.0  0.0  1.0  0.0  0.0  0.0  0.0  0.0  0.0  0.0  0.0  0.0  0.0  0.0  0.0  0.0
   7  1.0  0.0  0.0  0.0  0.0  1.0  0.0  0.0  0.0  0.0  0.0  0.0  0.0  0.0  0.0  0.0  0.0  0.0  0.0
   8  1.0  0.0  0.0  0.0  0.0  1.0  0.0  0.0  0.0  0.0  0.0  0.0  0.0  0.0  0.0  0.0  0.0  0.0  0.0
   9  1.0  0.0  0.0  0.0  0.0  1.0  0.0  0.0  0.0  0.0  0.0  0.0  0.0  0.0  0.0  0.0  0.0  0.0  0.0
  10  1.0  0.0  0.0  0.0  0.0  1.0  0.0  0.0  0.0  0.0  0.0  0.0  0.0  0.0  0.0  0.0  0.0  0.0  0.0
  11  1.0  0.0  0.0  0.0  0.0  1.0  0.0  0.0  0.0  0.0  0.0  0.0  0.0  0.0  0.0  0.0  0.0  0.0  0.0
  12  1.0  0.0  0.0  0.0  0.0  1.0  0.0  0.0  0.0  0.0  0.0  0.0  0.0  0.0  0.0  0.0  0.0  0.0  0.0
  13  1.0  0.0  0.0  0.0  0.0  1.0  0.0  0.0  0.0  0.0  0.0  0.0  0.0  0.0  0.0  0.0  0.0  0.0  0.0
  14  1.0  0.0  0.0  0.0  0.0  1.0  0.0  0.0  0.0  0.0  0.0  0.0  0.0  0.0  0.0  0.0  0.0  0.0  0.0
  15  1.0  0.0  1.0  0.0  0.0  0.0  0.0  0.0  0.0  0.0  1.0  0.0  0.0  0.0  0.0  0.0  0.0  0.0  0.0
  16  1.0  0.0  1.0  0.0  0.0  0.0  0.0  0.0  0.0  0.0  0.0  0.0  0.0  0.0  0.0  0.0  0.0  1.0  0.0
  17  1.0  0.0  1.0  0.0  0.0  0.0  0.0  0.0  0.0  0.0  0.0  0.0  0.0  0.0  0.0  0.0  0.0  1.0  0.0
  18  0.0  0.0  0.0  0.0  1.0  0.0  0.0  0.0  0.0  0.0  0.0  0.0  0.0  0.0  0.0  0.0  0.0  0.0  0.0
  19  0.0  0.0  0.0  0.0  1.0  0.0  0.0  0.0  0.0  0.0  0.0  0.0  0.0  0.0  0.0  0.0  0.0  0.0  0.0
  20  0.0  0.0  0.0  0.0  1.0  0.0  0.0  0.0  0.0  0.0  0.0  0.0  0.0  0.0  0.0  0.0  0.0  0.0  0.0
  21  0.0  0.0  0.0  0.0  1.0  0.0  0.0  0.0  0.0  0.0  0.0  0.0  0.0  0.0  0.0  0.0  0.0  0.0  0.0
  22  0.0  0.0  0.0  0.0  1.0  0.0  0.0  0.0  0.0  0.0  0.0  0.0  0.0  0.0  0.0  0.0  0.0  0.0  0.0
  23  0.0  0.0  0.0  0.0  1.0  0.0  0.0  0.0  0.0  0.0  0.0  0.0  0.0  0.0  0.0  0.0  0.0  0.0  0.0
  24  0.0  0.0  0.0  0.0  1.0  0.0  0.0  0.0  0.0  0.0  0.0  0.0  0.0  0.0  0.0  0.0  0.0  0.0  0.0
  25  1.0  0.0  0.0  0.0  0.0  1.0  0.0  0.0  0.0  0.0  0.0  0.0  0.0  0.0  0.0  0.0  0.0  0.0  0.0
  26  1.0  0.0  0.0  0.0  0.0  1.0  0.0  0.0  0.0  0.0  0.0  0.0  0.0  0.0  0.0  0.0  0.0  0.0  0.0
  27  0.0  0.0  0.0  0.0  1.0  0.0  0.0  0.0  0.0  0.0  0.0  0.0  0.0  0.0  0.0  0.0  0.0  0.0  0.0
  28  0.0  0.0  0.0  0.0  1.0  0.0  0.0  0.0  0.0  0.0  0.0  0.0  0.0  0.0  0.0  0.0  0.0  0.0  0.0
  29  0.0  0.0  0.0  0.0  1.0  0.0  0.0  0.0  0.0  0.0  0.0  0.0  0.0  0.0  0.0  0.0  0.0  0.0  0.0
  30  0.0  0.0  0.0  0.0  1.0  0.0  0.0  0.0  0.0  0.0  0.0  0.0  0.0  0.0  0.0  0.0  0.0  0.0  0.0
  31  0.0  0.0  0.0  0.0  1.0  0.0  0.0  0.0  0.0  0.0  0.0  0.0  0.0  0.0  0.0  0.0  0.0  0.0  0.0
  32  0.0  0.0  0.0  0.0  1.0  0.0  0.0  0.0  0.0  0.0  0.0  0.0  0.0  0.0  0.0  0.0  0.0  0.0  0.0
  33  0.0  0.0  0.0  0.0  1.0  0.0  0.0  0.0  0.0  0.0  0.0  0.0  0.0  0.0  0.0  0.0  0.0  0.0  0.0
  34  0.0  0.0  0.0  0.0  1.0  0.0  0.0  0.0  0.0  0.0  0.0  0.0  0.0  0.0  0.0  0.0  0.0  0.0  0.0
  35  0.0  0.0  0.0  0.0  1.0  0.0  0.0  0.0  0.0  0.0  0.0  0.0  0.0  0.0  0.0  0.0  0.0  0.0  0.0
  36  0.0  0.0  0.0  0.0  1.0  0.0  0.0  0.0  0.0  0.0  0.0  0.0  0.0  0.0  0.0  0.0  0.0  0.0  0.0
  37  0.0  0.0  0.0  0.0  1.0  0.0  0.0  0.0  0.0  0.0  0.0  0.0  0.0  0.0  0.0  0.0  0.0  0.0  0.0
  38  0.0  0.0  0.0  0.0  1.0  0.0  0.0  0.0  0.0  0.0  0.0  0.0  0.0  0.0  0.0  0.0  0.0  0.0  0.0
  39  0.0  0.0  0.0  0.0  1.0  0.0  0.0  0.0  0.0  0.0  0.0  0.0  0.0  0.0  0.0  0.0  0.0  0.0  0.0
  40  0.0  0.0  0.0  0.0  0.0  0.0  0.0  0.0  0.0  0.0  0.0  0.0  0.0  0.0  0.0  0.0  0.0  0.0  0.0
 weighted cloud_albedo (2331)
  0.22810465097427368     
 weighted ctp (2333)
   86208.648437500000     
 weighted total cloud area (2334)
   1.0000000000000000     
 on model levels: calipso_mol_backscatter (2340)
   1    0.120798E-05
   2    0.119872E-05
   3    0.118189E-05
   4    0.116828E-05
   5    0.115422E-05
   6    0.113761E-05
   7    0.111762E-05
   8    0.109406E-05
   9    0.106652E-05
  10    0.103632E-05
  11    0.100346E-05
  12    0.968056E-06
  13    0.930354E-06
  14    0.889279E-06
  15    0.847463E-06
  16    0.802963E-06
  17    0.757179E-06
  18    0.711519E-06
  19    0.665149E-06
  20    0.618744E-06
  21    0.573183E-06
  22    0.527827E-06
  23    0.479093E-06
  24    0.424056E-06
  25    0.367670E-06
  26    0.316666E-06
  27    0.271430E-06
  28    0.231251E-06
  29    0.194362E-06
  30    0.160184E-06
  31    0.128852E-06
  32    0.101183E-06
  33    0.772301E-07
  34    0.573052E-07
  35    0.408583E-07
  36    0.271186E-07
  37    0.154081E-07
  38    0.601333E-08
 on model levels: gbx mean cloudsat ze (2353)
   1    0.000000E+00
   2    0.000000E+00
   3    0.000000E+00
   4    0.000000E+00
   5    0.000000E+00
   6    0.000000E+00
   7    0.000000E+00
   8    0.000000E+00
   9    0.000000E+00
  10    0.000000E+00
  11    0.000000E+00
  12    0.000000E+00
  13    0.000000E+00
  14    0.000000E+00
  15    0.000000E+00
  16    0.105223E-02
  17    0.589516E-02
  18    0.118897E-01
  19    0.974557E-02
  20    0.196568E-01
  21    0.589154E-01
  22    0.995993E-01
  23    0.614726E-01
  24    0.345296E-01
  25    0.160122E-01
  26    0.153089E-01
  27    0.742750E-02
  28    0.428521E-02
  29    0.202516E-02
  30    0.104145E-02
  31    0.544012E-03
  32    0.278006E-03
  33    0.149083E-03
  34    0.666763E-04
  35    0.365908E-04
  36    0.243597E-04
  37    0.214096E-04
  38    0.209970E-04
 on 40 levels: gbx mean cloudsat ze (2354)
   1    0.119758E-02
   2    0.202516E-02
   3    0.202516E-02
   4    0.288654E-02
   5    0.428521E-02
   6    0.428521E-02
   7    0.715468E-02
   8    0.742750E-02
   9    0.110997E-01
  10    0.153089E-01
  11    0.155244E-01
  12    0.160122E-01
  13    0.182602E-01
  14    0.345296E-01
  15    0.370173E-01
  16    0.614726E-01
  17    0.663592E-01
  18    0.995993E-01
  19    0.858077E-01
  20    0.589154E-01
  21    0.341815E-01
  22    0.196568E-01
  23    0.112602E-01
  24    0.100959E-01
  25    0.118897E-01
  26    0.755774E-02
  27    0.418916E-02
  28    0.105223E-02
  29    0.000000E+00
  30    0.000000E+00
  31    0.000000E+00
  32    0.000000E+00
  33    0.000000E+00
  34    0.000000E+00
  35    0.000000E+00
  36    0.000000E+00
  37    0.000000E+00
  38    0.000000E+00
  39    0.000000E+00
  40    0.000000E+00
 on model levels: gbx mean calipso atb (2355)
   1    0.430039E-18
   2    0.426720E-18
   3    0.420736E-18
   4    0.415886E-18
   5    0.410881E-18
   6    0.404968E-18
   7    0.397852E-18
   8    0.592258E-18
   9    0.381471E-18
  10    0.370672E-18
  11    0.125830E-17
  12    0.482391E-17
  13    0.600483E-16
  14    0.348311E-17
  15    0.421213E-16
  16    0.134544E-15
  17    0.262101E-14
  18    0.317596E-07
  19    0.479834E-09
  20    0.446358E-09
  21    0.413490E-09
  22    0.380770E-09
  23    0.348873E-04
  24    0.424056E-06
  25    0.367670E-06
  26    0.316666E-06
  27    0.271430E-06
  28    0.231251E-06
  29    0.194362E-06
  30    0.160184E-06
  31    0.128852E-06
  32    0.101183E-06
  33    0.772301E-07
  34    0.573052E-07
  35    0.408583E-07
  36    0.271186E-07
  37    0.154081E-07
  38    0.601333E-08
 on 40 levels: gbx mean calipso atb (2356)
   1    0.424400E-18
   2    0.410100E-18
   3    0.194362E-06
   4    0.211805E-06
   5    0.231251E-06
   6    0.231251E-06
   7    0.268696E-06
   8    0.271430E-06
   9    0.296557E-06
  10    0.316666E-06
  11    0.332535E-06
  12    0.367670E-06
  13    0.377310E-06
  14    0.424056E-06
  15    0.458086E-05
  16    0.348873E-04
  17    0.293574E-04
  18    0.380770E-09
  19    0.390058E-09
  20    0.413490E-09
  21    0.429792E-09
  22    0.446358E-09
  23    0.472942E-09
  24    0.603569E-08
  25    0.317596E-07
  26    0.112472E-07
  27    0.212806E-14
  28    0.134544E-15
  29    0.574444E-16
  30    0.207470E-16
  31    0.235461E-16
  32    0.468917E-16
  33    0.409872E-17
  34    0.103664E-17
  35    0.374742E-18
  36    0.504671E-18
  37    0.424400E-18
  38    0.410100E-18
  39    0.422988E-18
  40    0.000000E+00
 on 40 levels: calipso_mol_backscatter (2357)
   1    0.167363E-06
   2    0.194362E-06
   3    0.194362E-06
   4    0.211805E-06
   5    0.231251E-06
   6    0.231251E-06
   7    0.268696E-06
   8    0.271430E-06
   9    0.296557E-06
  10    0.316666E-06
  11    0.332535E-06
  12    0.367670E-06
  13    0.377310E-06
  14    0.424056E-06
  15    0.430694E-06
  16    0.479093E-06
  17    0.486818E-06
  18    0.527827E-06
  19    0.540702E-06
  20    0.573183E-06
  21    0.595780E-06
  22    0.618744E-06
  23    0.655595E-06
  24    0.673386E-06
  25    0.711519E-06
  26    0.741009E-06
  27    0.766256E-06
  28    0.802963E-06
  29    0.840085E-06
  30    0.870595E-06
  31    0.903848E-06
  32    0.939336E-06
  33    0.975257E-06
  34    0.101167E-05
  35    0.104770E-05
  36    0.108262E-05
  37    0.111940E-05
  38    0.115202E-05
  39    0.118822E-05
  40   -0.100000E+21
 on model levels: calipso+cloudsat cloud (2358)
   1    0.000000E+00
   2    0.000000E+00
   3    0.000000E+00
   4    0.000000E+00
   5    0.000000E+00
   6    0.000000E+00
   7    0.000000E+00
   8    0.000000E+00
   9    0.000000E+00
  10    0.000000E+00
  11    0.000000E+00
  12    0.000000E+00
  13    0.000000E+00
  14    0.000000E+00
  15    0.000000E+00
  16    0.100000E+01
  17    0.100000E+01
  18    0.100000E+01
  19    0.100000E+01
  20    0.100000E+01
  21    0.100000E+01
  22    0.100000E+01
  23    0.100000E+01
  24    0.100000E+01
  25    0.100000E+01
  26    0.100000E+01
  27    0.100000E+01
  28    0.100000E+01
  29    0.100000E+01
  30    0.100000E+01
  31    0.000000E+00
  32    0.000000E+00
  33    0.000000E+00
  34    0.000000E+00
  35    0.000000E+00
  36    0.000000E+00
  37    0.000000E+00
  38    0.000000E+00
 on 40 levels: calipso+cloudsat cloud (2359)
   1    0.100000E+01
   2    0.100000E+01
   3    0.100000E+01
   4    0.100000E+01
   5    0.100000E+01
   6    0.100000E+01
   7    0.100000E+01
   8    0.100000E+01
   9    0.100000E+01
  10    0.100000E+01
  11    0.100000E+01
  12    0.100000E+01
  13    0.100000E+01
  14    0.100000E+01
  15    0.100000E+01
  16    0.100000E+01
  17    0.100000E+01
  18    0.100000E+01
  19    0.100000E+01
  20    0.100000E+01
  21    0.100000E+01
  22    0.100000E+01
  23    0.100000E+01
  24    0.100000E+01
  25    0.100000E+01
  26    0.100000E+01
  27    0.100000E+01
  28    0.100000E+01
  29    0.000000E+00
  30    0.000000E+00
  31    0.000000E+00
  32    0.000000E+00
  33    0.000000E+00
  34    0.000000E+00
  35    0.000000E+00
  36    0.000000E+00
  37    0.000000E+00
  38    0.000000E+00
  39    0.000000E+00
  40    0.000000E+00
 on 40 levels: calipso cloud area (2371)
           1   0.0000000000000000     
           2   0.0000000000000000     
           3   0.0000000000000000     
           4   0.0000000000000000     
           5   0.0000000000000000     
           6   0.0000000000000000     
           7   0.0000000000000000     
           8   0.0000000000000000     
           9   0.0000000000000000     
          10   0.0000000000000000     
          11   0.0000000000000000     
          12   0.0000000000000000     
          13   0.0000000000000000     
          14   0.0000000000000000     
          15   1.0000000000000000     
          16   1.0000000000000000     
          17   1.0000000000000000     
          18  -1.0000000150474662E+028
          19  -1.0000000150474662E+028
          20  -1.0000000150474662E+028
          21  -1.0000000150474662E+028
          22  -1.0000000150474662E+028
          23  -1.0000000150474662E+028
          24  -1.0000000150474662E+028
          25   0.0000000000000000     
          26   0.0000000000000000     
          27  -1.0000000150474662E+028
          28  -1.0000000150474662E+028
          29  -1.0000000150474662E+028
          30  -1.0000000150474662E+028
          31  -1.0000000150474662E+028
          32  -1.0000000150474662E+028
          33  -1.0000000150474662E+028
          34  -1.0000000150474662E+028
          35  -1.0000000150474662E+028
          36  -1.0000000150474662E+028
          37  -1.0000000150474662E+028
          38  -1.0000000150474662E+028
          39  -1.0000000150474662E+028
          40  -1.0000000150474662E+028
 on 40 levels: cloudsat cfad ze (2372)
   1  0.0  0.0  0.0  0.0  0.0  0.0  0.0  0.0  0.0  0.0  0.0  0.0  0.0  0.0  0.0
   2  0.0  0.0  0.0  0.0  0.0  0.0  0.0  0.0  0.0  0.0  0.0  0.0  0.0  0.0  0.0
   3  0.0  0.0  0.0  0.0  0.0  0.0  0.0  0.0  0.0  0.0  0.0  0.0  0.0  0.0  0.0
   4  0.0  0.0  0.0  0.0  0.0  0.0  0.0  0.0  0.0  0.0  0.0  0.0  0.0  0.0  0.0
   5  0.0  0.0  0.0  0.0  0.0  0.0  0.0  0.0  0.0  0.0  0.0  0.0  0.0  0.0  0.0
   6  0.0  0.0  0.0  0.0  0.0  0.0  0.0  0.0  0.0  0.0  0.0  0.0  0.0  0.0  0.0
   7  0.0  0.0  0.0  0.0  0.0  0.0  0.0  0.0  0.0  0.0  0.0  0.0  0.0  0.0  0.0
   8  0.0  0.0  0.0  0.0  0.0  0.0  0.0  0.0  0.0  0.0  0.0  0.0  0.0  0.0  0.0
   9  0.0  0.0  0.0  0.0  0.0  0.0  0.0  0.0  0.0  0.0  0.0  0.0  0.0  0.0  0.0
  10  0.0  0.0  0.0  0.0  0.0  0.0  0.0  0.0  0.0  0.0  0.0  0.0  0.0  0.0  0.0
  11  0.0  0.0  0.0  0.0  0.0  0.0  0.0  0.0  0.0  0.0  0.0  0.0  0.0  0.0  0.0
  12  0.0  0.0  0.0  0.0  0.0  0.0  0.0  0.0  0.0  0.0  0.0  0.0  0.0  0.0  0.0
  13  0.0  0.0  0.0  0.0  0.0  0.0  0.0  0.0  0.0  0.0  0.0  0.0  0.0  0.0  0.0
  14  0.0  0.0  0.0  0.0  0.0  0.0  0.0  0.0  0.0  0.0  0.0  0.0  0.0  0.0  0.0
  15  0.0  0.0  1.0  0.0  0.0  0.0  0.0  0.0  0.0  0.0  0.0  0.0  0.0  0.0  0.0
  16  0.0  0.0  0.0  0.0  1.0  0.0  0.0  0.0  0.0  0.0  0.0  0.0  0.0  0.0  0.0
  17  0.0  0.0  0.0  0.0  1.0  0.0  0.0  0.0  0.0  0.0  0.0  0.0  0.0  0.0  0.0
  18  0.0  0.0  0.0  0.0  0.0  1.0  0.0  0.0  0.0  0.0  0.0  0.0  0.0  0.0  0.0
  19  0.0  0.0  0.0  0.0  0.0  1.0  0.0  0.0  0.0  0.0  0.0  0.0  0.0  0.0  0.0
  20  0.0  0.0  0.0  0.0  0.0  0.0  1.0  0.0  0.0  0.0  0.0  0.0  0.0  0.0  0.0
  21  0.0  0.0  0.0  0.0  0.0  0.0  1.0  0.0  0.0  0.0  0.0  0.0  0.0  0.0  0.0
  22  0.0  0.0  0.0  0.0  0.0  1.0  0.0  0.0  0.0  0.0  0.0  0.0  0.0  0.0  0.0
  23  0.0  0.0  0.0  0.0  0.0  0.0  1.0  0.0  0.0  0.0  0.0  0.0  0.0  0.0  0.0
  24  0.0  0.0  0.0  0.0  0.0  0.0  1.0  0.0  0.0  0.0  0.0  0.0  0.0  0.0  0.0
  25  0.0  0.0  0.0  0.0  0.0  0.0  0.0  1.0  0.0  0.0  0.0  0.0  0.0  0.0  0.0
  26  0.0  0.0  0.0  0.0  0.0  0.0  0.0  1.0  0.0  0.0  0.0  0.0  0.0  0.0  0.0
  27  0.0  0.0  0.0  0.0  0.0  0.0  0.0  1.0  0.0  0.0  0.0  0.0  0.0  0.0  0.0
  28  0.0  0.0  0.0  0.0  0.0  0.0  0.0  1.0  0.0  0.0  0.0  0.0  0.0  0.0  0.0
  29  0.0  0.0  0.0  0.0  0.0  0.0  0.0  1.0  0.0  0.0  0.0  0.0  0.0  0.0  0.0
  30  0.0  0.0  0.0  0.0  0.0  0.0  1.0  0.0  0.0  0.0  0.0  0.0  0.0  0.0  0.0
  31  0.0  0.0  0.0  0.0  0.0  0.0  1.0  0.0  0.0  0.0  0.0  0.0  0.0  0.0  0.0
  32  0.0  0.0  0.0  0.0  0.0  0.0  1.0  0.0  0.0  0.0  0.0  0.0  0.0  0.0  0.0
  33  0.0  0.0  0.0  0.0  0.0  1.0  0.0  0.0  0.0  0.0  0.0  0.0  0.0  0.0  0.0
  34  0.0  0.0  0.0  0.0  0.0  1.0  0.0  0.0  0.0  0.0  0.0  0.0  0.0  0.0  0.0
  35  0.0  0.0  0.0  0.0  1.0  0.0  0.0  0.0  0.0  0.0  0.0  0.0  0.0  0.0  0.0
  36  0.0  0.0  0.0  1.0  0.0  0.0  0.0  0.0  0.0  0.0  0.0  0.0  0.0  0.0  0.0
  37  0.0  0.0  1.0  0.0  0.0  0.0  0.0  0.0  0.0  0.0  0.0  0.0  0.0  0.0  0.0
  38  0.0  1.0  0.0  0.0  0.0  0.0  0.0  0.0  0.0  0.0  0.0  0.0  0.0  0.0  0.0
  39  1.0  0.0  0.0  0.0  0.0  0.0  0.0  0.0  0.0  0.0  0.0  0.0  0.0  0.0  0.0
  40***************************************************************************
 profile:           41
 cloud_weights (2330)
   1.0000000000000000     
 ctp_tau_histogram (2337)
  0.0  0.0  0.0  0.0  0.0  0.0  0.0
  0.0  0.0  0.0  0.0  0.0  0.0  0.0
  0.0  0.0  0.0  0.0  0.0  0.0  0.0
  0.0  0.0  0.0  0.0  0.0  0.0  0.0
  0.0  0.0  0.0  0.0  0.0  0.0  0.0
  0.0  0.0  0.0  0.0  0.0  0.0  0.0
  0.0  0.0  0.0  0.0  0.0  0.0  0.0
 calipso_tot_backscatter (2341)
   1    0.122043E-05
   2    0.121418E-05
   3    0.120016E-05
   4    0.118739E-05
   5    0.117248E-05
   6    0.115571E-05
   7    0.113612E-05
   8    0.111363E-05
   9    0.108748E-05
  10    0.105748E-05
  11    0.102446E-05
  12    0.988197E-06
  13    0.948275E-06
  14    0.904007E-06
  15    0.859463E-06
  16    0.814294E-06
  17    0.768087E-06
  18    0.721934E-06
  19    0.676011E-06
  20    0.629067E-06
  21    0.581919E-06
  22    0.533627E-06
  23    0.485018E-06
  24    0.432723E-06
  25    0.376558E-06
  26    0.324319E-06
  27    0.276737E-06
  28    0.233623E-06
  29    0.194623E-06
  30    0.159233E-06
  31    0.127982E-06
  32    0.100831E-06
  33    0.771893E-07
  34    0.573669E-07
  35    0.409468E-07
  36    0.271555E-07
  37    0.153863E-07
  38    0.603938E-08
 low/mid/high-level cloud mask/value (2321-2323, 2344-2346)
  1.0  0.0  1.0  0.0  1.0  0.0
 on 40 levels: 
 cf mask/liq/ice/undet and cfad_sr_backscatter_bins (2325, 2473-2475 and 2370)
   1  1.0  0.0  0.0  0.0  0.0  1.0  0.0  0.0  0.0  0.0  0.0  0.0  0.0  0.0  0.0  0.0  0.0  0.0  0.0
   2  1.0  0.0  0.0  0.0  0.0  1.0  0.0  0.0  0.0  0.0  0.0  0.0  0.0  0.0  0.0  0.0  0.0  0.0  0.0
   3  1.0  0.0  0.0  0.0  0.0  1.0  0.0  0.0  0.0  0.0  0.0  0.0  0.0  0.0  0.0  0.0  0.0  0.0  0.0
   4  1.0  0.0  0.0  0.0  0.0  1.0  0.0  0.0  0.0  0.0  0.0  0.0  0.0  0.0  0.0  0.0  0.0  0.0  0.0
   5  1.0  0.0  0.0  0.0  0.0  1.0  0.0  0.0  0.0  0.0  0.0  0.0  0.0  0.0  0.0  0.0  0.0  0.0  0.0
   6  1.0  0.0  0.0  0.0  0.0  1.0  0.0  0.0  0.0  0.0  0.0  0.0  0.0  0.0  0.0  0.0  0.0  0.0  0.0
   7  1.0  0.0  0.0  0.0  0.0  1.0  0.0  0.0  0.0  0.0  0.0  0.0  0.0  0.0  0.0  0.0  0.0  0.0  0.0
   8  1.0  0.0  0.0  0.0  0.0  1.0  0.0  0.0  0.0  0.0  0.0  0.0  0.0  0.0  0.0  0.0  0.0  0.0  0.0
   9  1.0  0.0  0.0  0.0  0.0  1.0  0.0  0.0  0.0  0.0  0.0  0.0  0.0  0.0  0.0  0.0  0.0  0.0  0.0
  10  1.0  0.0  0.0  0.0  0.0  1.0  0.0  0.0  0.0  0.0  0.0  0.0  0.0  0.0  0.0  0.0  0.0  0.0  0.0
  11  1.0  0.0  0.0  0.0  0.0  1.0  0.0  0.0  0.0  0.0  0.0  0.0  0.0  0.0  0.0  0.0  0.0  0.0  0.0
  12  1.0  0.0  0.0  0.0  0.0  1.0  0.0  0.0  0.0  0.0  0.0  0.0  0.0  0.0  0.0  0.0  0.0  0.0  0.0
  13  1.0  0.0  0.0  0.0  0.0  1.0  0.0  0.0  0.0  0.0  0.0  0.0  0.0  0.0  0.0  0.0  0.0  0.0  0.0
  14  1.0  0.0  0.0  0.0  0.0  1.0  0.0  0.0  0.0  0.0  0.0  0.0  0.0  0.0  0.0  0.0  0.0  0.0  0.0
  15  1.0  0.0  0.0  0.0  0.0  1.0  0.0  0.0  0.0  0.0  0.0  0.0  0.0  0.0  0.0  0.0  0.0  0.0  0.0
  16  1.0  0.0  0.0  0.0  0.0  1.0  0.0  0.0  0.0  0.0  0.0  0.0  0.0  0.0  0.0  0.0  0.0  0.0  0.0
  17  1.0  0.0  0.0  0.0  0.0  1.0  0.0  0.0  0.0  0.0  0.0  0.0  0.0  0.0  0.0  0.0  0.0  0.0  0.0
  18  1.0  0.0  0.0  0.0  0.0  1.0  0.0  0.0  0.0  0.0  0.0  0.0  0.0  0.0  0.0  0.0  0.0  0.0  0.0
  19  1.0  0.0  0.0  0.0  0.0  1.0  0.0  0.0  0.0  0.0  0.0  0.0  0.0  0.0  0.0  0.0  0.0  0.0  0.0
  20  1.0  0.0  0.0  0.0  0.0  1.0  0.0  0.0  0.0  0.0  0.0  0.0  0.0  0.0  0.0  0.0  0.0  0.0  0.0
  21  1.0  0.0  0.0  0.0  0.0  1.0  0.0  0.0  0.0  0.0  0.0  0.0  0.0  0.0  0.0  0.0  0.0  0.0  0.0
  22  1.0  0.0  0.0  0.0  0.0  1.0  0.0  0.0  0.0  0.0  0.0  0.0  0.0  0.0  0.0  0.0  0.0  0.0  0.0
  23  1.0  0.0  0.0  0.0  0.0  1.0  0.0  0.0  0.0  0.0  0.0  0.0  0.0  0.0  0.0  0.0  0.0  0.0  0.0
  24  1.0  0.0  0.0  0.0  0.0  1.0  0.0  0.0  0.0  0.0  0.0  0.0  0.0  0.0  0.0  0.0  0.0  0.0  0.0
  25  1.0  0.0  0.0  0.0  0.0  1.0  0.0  0.0  0.0  0.0  0.0  0.0  0.0  0.0  0.0  0.0  0.0  0.0  0.0
  26  1.0  0.0  0.0  0.0  0.0  1.0  0.0  0.0  0.0  0.0  0.0  0.0  0.0  0.0  0.0  0.0  0.0  0.0  0.0
  27  1.0  0.0  0.0  0.0  0.0  1.0  0.0  0.0  0.0  0.0  0.0  0.0  0.0  0.0  0.0  0.0  0.0  0.0  0.0
  28  1.0  0.0  0.0  0.0  0.0  1.0  0.0  0.0  0.0  0.0  0.0  0.0  0.0  0.0  0.0  0.0  0.0  0.0  0.0
  29  1.0  0.0  0.0  0.0  0.0  1.0  0.0  0.0  0.0  0.0  0.0  0.0  0.0  0.0  0.0  0.0  0.0  0.0  0.0
  30  1.0  0.0  0.0  0.0  0.0  1.0  0.0  0.0  0.0  0.0  0.0  0.0  0.0  0.0  0.0  0.0  0.0  0.0  0.0
  31  1.0  0.0  0.0  0.0  0.0  1.0  0.0  0.0  0.0  0.0  0.0  0.0  0.0  0.0  0.0  0.0  0.0  0.0  0.0
  32  1.0  0.0  0.0  0.0  0.0  1.0  0.0  0.0  0.0  0.0  0.0  0.0  0.0  0.0  0.0  0.0  0.0  0.0  0.0
  33  1.0  0.0  0.0  0.0  0.0  1.0  0.0  0.0  0.0  0.0  0.0  0.0  0.0  0.0  0.0  0.0  0.0  0.0  0.0
  34  1.0  0.0  0.0  0.0  0.0  1.0  0.0  0.0  0.0  0.0  0.0  0.0  0.0  0.0  0.0  0.0  0.0  0.0  0.0
  35  1.0  0.0  0.0  0.0  0.0  1.0  0.0  0.0  0.0  0.0  0.0  0.0  0.0  0.0  0.0  0.0  0.0  0.0  0.0
  36  1.0  0.0  0.0  0.0  0.0  1.0  0.0  0.0  0.0  0.0  0.0  0.0  0.0  0.0  0.0  0.0  0.0  0.0  0.0
  37  1.0  0.0  0.0  0.0  0.0  1.0  0.0  0.0  0.0  0.0  0.0  0.0  0.0  0.0  0.0  0.0  0.0  0.0  0.0
  38  1.0  0.0  0.0  0.0  0.0  1.0  0.0  0.0  0.0  0.0  0.0  0.0  0.0  0.0  0.0  0.0  0.0  0.0  0.0
  39  1.0  0.0  0.0  0.0  0.0  1.0  0.0  0.0  0.0  0.0  0.0  0.0  0.0  0.0  0.0  0.0  0.0  0.0  0.0
  40  1.0  0.0  0.0  0.0  0.0  1.0  0.0  0.0  0.0  0.0  0.0  0.0  0.0  0.0  0.0  0.0  0.0  0.0  0.0
 weighted cloud_albedo (2331)
  -0.0000000000000000     
 weighted ctp (2333)
  -0.0000000000000000     
 weighted total cloud area (2334)
   0.0000000000000000     
 on model levels: calipso_mol_backscatter (2340)
   1    0.122043E-05
   2    0.121418E-05
   3    0.120016E-05
   4    0.118739E-05
   5    0.117248E-05
   6    0.115571E-05
   7    0.113612E-05
   8    0.111363E-05
   9    0.108748E-05
  10    0.105748E-05
  11    0.102446E-05
  12    0.988197E-06
  13    0.948275E-06
  14    0.904007E-06
  15    0.859463E-06
  16    0.814294E-06
  17    0.768087E-06
  18    0.721934E-06
  19    0.676011E-06
  20    0.629067E-06
  21    0.581919E-06
  22    0.533627E-06
  23    0.485018E-06
  24    0.432723E-06
  25    0.376558E-06
  26    0.324319E-06
  27    0.276737E-06
  28    0.233623E-06
  29    0.194623E-06
  30    0.159233E-06
  31    0.127982E-06
  32    0.100831E-06
  33    0.771893E-07
  34    0.573669E-07
  35    0.409468E-07
  36    0.271555E-07
  37    0.153863E-07
  38    0.603938E-08
 on model levels: gbx mean cloudsat ze (2353)
   1    0.000000E+00
   2    0.000000E+00
   3    0.000000E+00
   4    0.000000E+00
   5    0.000000E+00
   6    0.000000E+00
   7    0.000000E+00
   8    0.000000E+00
   9    0.000000E+00
  10    0.000000E+00
  11    0.000000E+00
  12    0.000000E+00
  13    0.000000E+00
  14    0.000000E+00
  15    0.000000E+00
  16    0.000000E+00
  17    0.000000E+00
  18    0.000000E+00
  19    0.000000E+00
  20    0.000000E+00
  21    0.000000E+00
  22    0.000000E+00
  23    0.000000E+00
  24    0.000000E+00
  25    0.000000E+00
  26    0.000000E+00
  27    0.000000E+00
  28    0.000000E+00
  29    0.000000E+00
  30    0.000000E+00
  31    0.000000E+00
  32    0.000000E+00
  33    0.000000E+00
  34    0.000000E+00
  35    0.000000E+00
  36    0.000000E+00
  37    0.000000E+00
  38    0.000000E+00
 on 40 levels: gbx mean cloudsat ze (2354)
   1    0.000000E+00
   2    0.000000E+00
   3    0.000000E+00
   4    0.000000E+00
   5    0.000000E+00
   6    0.000000E+00
   7    0.000000E+00
   8    0.000000E+00
   9    0.000000E+00
  10    0.000000E+00
  11    0.000000E+00
  12    0.000000E+00
  13    0.000000E+00
  14    0.000000E+00
  15    0.000000E+00
  16    0.000000E+00
  17    0.000000E+00
  18    0.000000E+00
  19    0.000000E+00
  20    0.000000E+00
  21    0.000000E+00
  22    0.000000E+00
  23    0.000000E+00
  24    0.000000E+00
  25    0.000000E+00
  26    0.000000E+00
  27    0.000000E+00
  28    0.000000E+00
  29    0.000000E+00
  30    0.000000E+00
  31    0.000000E+00
  32    0.000000E+00
  33    0.000000E+00
  34    0.000000E+00
  35    0.000000E+00
  36    0.000000E+00
  37    0.000000E+00
  38    0.000000E+00
  39    0.000000E+00
  40    0.000000E+00
 on model levels: gbx mean calipso atb (2355)
   1    0.122043E-05
   2    0.121418E-05
   3    0.120016E-05
   4    0.118739E-05
   5    0.117248E-05
   6    0.115571E-05
   7    0.113612E-05
   8    0.111363E-05
   9    0.108748E-05
  10    0.105748E-05
  11    0.102446E-05
  12    0.988197E-06
  13    0.948275E-06
  14    0.904007E-06
  15    0.859463E-06
  16    0.814294E-06
  17    0.768087E-06
  18    0.721934E-06
  19    0.676011E-06
  20    0.629067E-06
  21    0.581919E-06
  22    0.533627E-06
  23    0.485018E-06
  24    0.432723E-06
  25    0.376558E-06
  26    0.324319E-06
  27    0.276737E-06
  28    0.233623E-06
  29    0.194623E-06
  30    0.159233E-06
  31    0.127982E-06
  32    0.100831E-06
  33    0.771893E-07
  34    0.573669E-07
  35    0.409468E-07
  36    0.271555E-07
  37    0.153863E-07
  38    0.603938E-08
 on 40 levels: gbx mean calipso atb (2356)
   1    0.112139E-05
   2    0.115168E-05
   3    0.194623E-06
   4    0.213064E-06
   5    0.233623E-06
   6    0.233623E-06
   7    0.273672E-06
   8    0.276737E-06
   9    0.302621E-06
  10    0.324319E-06
  11    0.339296E-06
  12    0.376558E-06
  13    0.383838E-06
  14    0.432723E-06
  15    0.435801E-06
  16    0.485018E-06
  17    0.488582E-06
  18    0.533627E-06
  19    0.541965E-06
  20    0.581919E-06
  21    0.598734E-06
  22    0.629067E-06
  23    0.658406E-06
  24    0.676011E-06
  25    0.720898E-06
  26    0.741031E-06
  27    0.768087E-06
  28    0.811232E-06
  29    0.838555E-06
  30    0.869428E-06
  31    0.904007E-06
  32    0.947980E-06
  33    0.982042E-06
  34    0.101652E-05
  35    0.105083E-05
  36    0.108655E-05
  37    0.112139E-05
  38    0.115168E-05
  39    0.118471E-05
  40    0.121331E-05
 on 40 levels: calipso_mol_backscatter (2357)
   1    0.166666E-06
   2    0.194623E-06
   3    0.194623E-06
   4    0.213064E-06
   5    0.233623E-06
   6    0.233623E-06
   7    0.273672E-06
   8    0.276737E-06
   9    0.302621E-06
  10    0.324319E-06
  11    0.339296E-06
  12    0.376558E-06
  13    0.383838E-06
  14    0.432723E-06
  15    0.435801E-06
  16    0.485018E-06
  17    0.488582E-06
  18    0.533627E-06
  19    0.541965E-06
  20    0.581919E-06
  21    0.598734E-06
  22    0.629067E-06
  23    0.658406E-06
  24    0.676011E-06
  25    0.720898E-06
  26    0.741031E-06
  27    0.768087E-06
  28    0.811232E-06
  29    0.838555E-06
  30    0.869428E-06
  31    0.904007E-06
  32    0.947980E-06
  33    0.982042E-06
  34    0.101652E-05
  35    0.105083E-05
  36    0.108655E-05
  37    0.112139E-05
  38    0.115168E-05
  39    0.118471E-05
  40    0.121331E-05
 on model levels: calipso+cloudsat cloud (2358)
   1    0.000000E+00
   2    0.000000E+00
   3    0.000000E+00
   4    0.000000E+00
   5    0.000000E+00
   6    0.000000E+00
   7    0.000000E+00
   8    0.000000E+00
   9    0.000000E+00
  10    0.000000E+00
  11    0.000000E+00
  12    0.000000E+00
  13    0.000000E+00
  14    0.000000E+00
  15    0.000000E+00
  16    0.000000E+00
  17    0.000000E+00
  18    0.000000E+00
  19    0.000000E+00
  20    0.000000E+00
  21    0.000000E+00
  22    0.000000E+00
  23    0.000000E+00
  24    0.000000E+00
  25    0.000000E+00
  26    0.000000E+00
  27    0.000000E+00
  28    0.000000E+00
  29    0.000000E+00
  30    0.000000E+00
  31    0.000000E+00
  32    0.000000E+00
  33    0.000000E+00
  34    0.000000E+00
  35    0.000000E+00
  36    0.000000E+00
  37    0.000000E+00
  38    0.000000E+00
 on 40 levels: calipso+cloudsat cloud (2359)
   1    0.000000E+00
   2    0.000000E+00
   3    0.000000E+00
   4    0.000000E+00
   5    0.000000E+00
   6    0.000000E+00
   7    0.000000E+00
   8    0.000000E+00
   9    0.000000E+00
  10    0.000000E+00
  11    0.000000E+00
  12    0.000000E+00
  13    0.000000E+00
  14    0.000000E+00
  15    0.000000E+00
  16    0.000000E+00
  17    0.000000E+00
  18    0.000000E+00
  19    0.000000E+00
  20    0.000000E+00
  21    0.000000E+00
  22    0.000000E+00
  23    0.000000E+00
  24    0.000000E+00
  25    0.000000E+00
  26    0.000000E+00
  27    0.000000E+00
  28    0.000000E+00
  29    0.000000E+00
  30    0.000000E+00
  31    0.000000E+00
  32    0.000000E+00
  33    0.000000E+00
  34    0.000000E+00
  35    0.000000E+00
  36    0.000000E+00
  37    0.000000E+00
  38    0.000000E+00
  39    0.000000E+00
  40    0.000000E+00
 on 40 levels: calipso cloud area (2371)
           1   0.0000000000000000     
           2   0.0000000000000000     
           3   0.0000000000000000     
           4   0.0000000000000000     
           5   0.0000000000000000     
           6   0.0000000000000000     
           7   0.0000000000000000     
           8   0.0000000000000000     
           9   0.0000000000000000     
          10   0.0000000000000000     
          11   0.0000000000000000     
          12   0.0000000000000000     
          13   0.0000000000000000     
          14   0.0000000000000000     
          15   0.0000000000000000     
          16   0.0000000000000000     
          17   0.0000000000000000     
          18   0.0000000000000000     
          19   0.0000000000000000     
          20   0.0000000000000000     
          21   0.0000000000000000     
          22   0.0000000000000000     
          23   0.0000000000000000     
          24   0.0000000000000000     
          25   0.0000000000000000     
          26   0.0000000000000000     
          27   0.0000000000000000     
          28   0.0000000000000000     
          29   0.0000000000000000     
          30   0.0000000000000000     
          31   0.0000000000000000     
          32   0.0000000000000000     
          33   0.0000000000000000     
          34   0.0000000000000000     
          35   0.0000000000000000     
          36   0.0000000000000000     
          37   0.0000000000000000     
          38   0.0000000000000000     
          39   0.0000000000000000     
          40   0.0000000000000000     
 on 40 levels: cloudsat cfad ze (2372)
   1  0.0  0.0  0.0  0.0  0.0  0.0  0.0  0.0  0.0  0.0  0.0  0.0  0.0  0.0  0.0
   2  0.0  0.0  0.0  0.0  0.0  0.0  0.0  0.0  0.0  0.0  0.0  0.0  0.0  0.0  0.0
   3  0.0  0.0  0.0  0.0  0.0  0.0  0.0  0.0  0.0  0.0  0.0  0.0  0.0  0.0  0.0
   4  0.0  0.0  0.0  0.0  0.0  0.0  0.0  0.0  0.0  0.0  0.0  0.0  0.0  0.0  0.0
   5  0.0  0.0  0.0  0.0  0.0  0.0  0.0  0.0  0.0  0.0  0.0  0.0  0.0  0.0  0.0
   6  0.0  0.0  0.0  0.0  0.0  0.0  0.0  0.0  0.0  0.0  0.0  0.0  0.0  0.0  0.0
   7  0.0  0.0  0.0  0.0  0.0  0.0  0.0  0.0  0.0  0.0  0.0  0.0  0.0  0.0  0.0
   8  0.0  0.0  0.0  0.0  0.0  0.0  0.0  0.0  0.0  0.0  0.0  0.0  0.0  0.0  0.0
   9  0.0  0.0  0.0  0.0  0.0  0.0  0.0  0.0  0.0  0.0  0.0  0.0  0.0  0.0  0.0
  10  0.0  0.0  0.0  0.0  0.0  0.0  0.0  0.0  0.0  0.0  0.0  0.0  0.0  0.0  0.0
  11  0.0  0.0  0.0  0.0  0.0  0.0  0.0  0.0  0.0  0.0  0.0  0.0  0.0  0.0  0.0
  12  0.0  0.0  0.0  0.0  0.0  0.0  0.0  0.0  0.0  0.0  0.0  0.0  0.0  0.0  0.0
  13  0.0  0.0  0.0  0.0  0.0  0.0  0.0  0.0  0.0  0.0  0.0  0.0  0.0  0.0  0.0
  14  0.0  0.0  0.0  0.0  0.0  0.0  0.0  0.0  0.0  0.0  0.0  0.0  0.0  0.0  0.0
  15  0.0  0.0  0.0  0.0  0.0  0.0  0.0  0.0  0.0  0.0  0.0  0.0  0.0  0.0  0.0
  16  0.0  0.0  0.0  0.0  0.0  0.0  0.0  0.0  0.0  0.0  0.0  0.0  0.0  0.0  0.0
  17  0.0  0.0  0.0  0.0  0.0  0.0  0.0  0.0  0.0  0.0  0.0  0.0  0.0  0.0  0.0
  18  0.0  0.0  0.0  0.0  0.0  0.0  0.0  0.0  0.0  0.0  0.0  0.0  0.0  0.0  0.0
  19  0.0  0.0  0.0  0.0  0.0  0.0  0.0  0.0  0.0  0.0  0.0  0.0  0.0  0.0  0.0
  20  0.0  0.0  0.0  0.0  0.0  0.0  0.0  0.0  0.0  0.0  0.0  0.0  0.0  0.0  0.0
  21  0.0  0.0  0.0  0.0  0.0  0.0  0.0  0.0  0.0  0.0  0.0  0.0  0.0  0.0  0.0
  22  0.0  0.0  0.0  0.0  0.0  0.0  0.0  0.0  0.0  0.0  0.0  0.0  0.0  0.0  0.0
  23  0.0  0.0  0.0  0.0  0.0  0.0  0.0  0.0  0.0  0.0  0.0  0.0  0.0  0.0  0.0
  24  0.0  0.0  0.0  0.0  0.0  0.0  0.0  0.0  0.0  0.0  0.0  0.0  0.0  0.0  0.0
  25  0.0  0.0  0.0  0.0  0.0  0.0  0.0  0.0  0.0  0.0  0.0  0.0  0.0  0.0  0.0
  26  0.0  0.0  0.0  0.0  0.0  0.0  0.0  0.0  0.0  0.0  0.0  0.0  0.0  0.0  0.0
  27  0.0  0.0  0.0  0.0  0.0  0.0  0.0  0.0  0.0  0.0  0.0  0.0  0.0  0.0  0.0
  28  0.0  0.0  0.0  0.0  0.0  0.0  0.0  0.0  0.0  0.0  0.0  0.0  0.0  0.0  0.0
  29  0.0  0.0  0.0  0.0  0.0  0.0  0.0  0.0  0.0  0.0  0.0  0.0  0.0  0.0  0.0
  30  0.0  0.0  0.0  0.0  0.0  0.0  0.0  0.0  0.0  0.0  0.0  0.0  0.0  0.0  0.0
  31  0.0  0.0  0.0  0.0  0.0  0.0  0.0  0.0  0.0  0.0  0.0  0.0  0.0  0.0  0.0
  32  0.0  0.0  0.0  0.0  0.0  0.0  0.0  0.0  0.0  0.0  0.0  0.0  0.0  0.0  0.0
  33  0.0  0.0  0.0  0.0  0.0  0.0  0.0  0.0  0.0  0.0  0.0  0.0  0.0  0.0  0.0
  34  0.0  0.0  0.0  0.0  0.0  0.0  0.0  0.0  0.0  0.0  0.0  0.0  0.0  0.0  0.0
  35  0.0  0.0  0.0  0.0  0.0  0.0  0.0  0.0  0.0  0.0  0.0  0.0  0.0  0.0  0.0
  36  0.0  0.0  0.0  0.0  0.0  0.0  0.0  0.0  0.0  0.0  0.0  0.0  0.0  0.0  0.0
  37  0.0  0.0  0.0  0.0  0.0  0.0  0.0  0.0  0.0  0.0  0.0  0.0  0.0  0.0  0.0
  38  0.0  0.0  0.0  0.0  0.0  0.0  0.0  0.0  0.0  0.0  0.0  0.0  0.0  0.0  0.0
  39  0.0  0.0  0.0  0.0  0.0  0.0  0.0  0.0  0.0  0.0  0.0  0.0  0.0  0.0  0.0
  40  0.0  0.0  0.0  0.0  0.0  0.0  0.0  0.0  0.0  0.0  0.0  0.0  0.0  0.0  0.0
 profile:           51
 cloud_weights (2330)
   1.0000000000000000     
 ctp_tau_histogram (2337)
  0.0  0.0  0.0  0.0  0.0  0.0  0.0
  0.0  0.0  0.0  0.0  0.0  0.0  0.0
  0.0  0.0  0.0  0.0  0.0  0.0  0.0
  0.0  0.0  0.0  0.0  0.0  0.0  0.0
  0.0  0.0  0.0  0.0  0.0  0.0  0.0
  0.0  0.0  0.0  0.0  0.0  0.0  0.0
  0.0  0.0  0.0  0.0  0.0  0.0  0.0
 calipso_tot_backscatter (2341)
   1    0.120168E-05
   2    0.119773E-05
   3    0.119095E-05
   4    0.118141E-05
   5    0.116905E-05
   6    0.434485E-05
   7    0.115416E-05
   8    0.112592E-05
   9    0.109793E-05
  10    0.106542E-05
  11    0.102862E-05
  12    0.988612E-06
  13    0.950220E-06
  14    0.908364E-06
  15    0.867234E-06
  16    0.823841E-06
  17    0.777011E-06
  18    0.727808E-06
  19    0.678116E-06
  20    0.627998E-06
  21    0.578885E-06
  22    0.531186E-06
  23    0.482663E-06
  24    0.425960E-06
  25    0.368846E-06
  26    0.318036E-06
  27    0.273941E-06
  28    0.233627E-06
  29    0.195738E-06
  30    0.160552E-06
  31    0.128738E-06
  32    0.100958E-06
  33    0.770797E-07
  34    0.573243E-07
  35    0.409094E-07
  36    0.271169E-07
  37    0.153846E-07
  38    0.602253E-08
 low/mid/high-level cloud mask/value (2321-2323, 2344-2346)
  1.0  0.0  1.0  0.0  1.0  0.0
 on 40 levels: 
 cf mask/liq/ice/undet and cfad_sr_backscatter_bins (2325, 2473-2475 and 2370)
   1  1.0  0.0  0.0  0.0  0.0  1.0  0.0  0.0  0.0  0.0  0.0  0.0  0.0  0.0  0.0  0.0  0.0  0.0  0.0
   2  1.0  0.0  0.0  0.0  0.0  1.0  0.0  0.0  0.0  0.0  0.0  0.0  0.0  0.0  0.0  0.0  0.0  0.0  0.0
   3  1.0  0.0  0.0  0.0  0.0  1.0  0.0  0.0  0.0  0.0  0.0  0.0  0.0  0.0  0.0  0.0  0.0  0.0  0.0
   4  1.0  0.0  0.0  0.0  0.0  1.0  0.0  0.0  0.0  0.0  0.0  0.0  0.0  0.0  0.0  0.0  0.0  0.0  0.0
   5  1.0  0.0  0.0  0.0  0.0  1.0  0.0  0.0  0.0  0.0  0.0  0.0  0.0  0.0  0.0  0.0  0.0  0.0  0.0
   6  1.0  0.0  0.0  0.0  0.0  1.0  0.0  0.0  0.0  0.0  0.0  0.0  0.0  0.0  0.0  0.0  0.0  0.0  0.0
   7  1.0  0.0  0.0  0.0  0.0  1.0  0.0  0.0  0.0  0.0  0.0  0.0  0.0  0.0  0.0  0.0  0.0  0.0  0.0
   8  1.0  0.0  0.0  0.0  0.0  1.0  0.0  0.0  0.0  0.0  0.0  0.0  0.0  0.0  0.0  0.0  0.0  0.0  0.0
   9  1.0  0.0  0.0  0.0  0.0  1.0  0.0  0.0  0.0  0.0  0.0  0.0  0.0  0.0  0.0  0.0  0.0  0.0  0.0
  10  1.0  0.0  0.0  0.0  0.0  1.0  0.0  0.0  0.0  0.0  0.0  0.0  0.0  0.0  0.0  0.0  0.0  0.0  0.0
  11  1.0  0.0  0.0  0.0  0.0  1.0  0.0  0.0  0.0  0.0  0.0  0.0  0.0  0.0  0.0  0.0  0.0  0.0  0.0
  12  1.0  0.0  0.0  0.0  0.0  1.0  0.0  0.0  0.0  0.0  0.0  0.0  0.0  0.0  0.0  0.0  0.0  0.0  0.0
  13  1.0  0.0  0.0  0.0  0.0  1.0  0.0  0.0  0.0  0.0  0.0  0.0  0.0  0.0  0.0  0.0  0.0  0.0  0.0
  14  1.0  0.0  0.0  0.0  0.0  1.0  0.0  0.0  0.0  0.0  0.0  0.0  0.0  0.0  0.0  0.0  0.0  0.0  0.0
  15  1.0  0.0  0.0  0.0  0.0  1.0  0.0  0.0  0.0  0.0  0.0  0.0  0.0  0.0  0.0  0.0  0.0  0.0  0.0
  16  1.0  0.0  0.0  0.0  0.0  1.0  0.0  0.0  0.0  0.0  0.0  0.0  0.0  0.0  0.0  0.0  0.0  0.0  0.0
  17  1.0  0.0  0.0  0.0  0.0  1.0  0.0  0.0  0.0  0.0  0.0  0.0  0.0  0.0  0.0  0.0  0.0  0.0  0.0
  18  1.0  0.0  0.0  0.0  0.0  1.0  0.0  0.0  0.0  0.0  0.0  0.0  0.0  0.0  0.0  0.0  0.0  0.0  0.0
  19  1.0  0.0  0.0  0.0  0.0  1.0  0.0  0.0  0.0  0.0  0.0  0.0  0.0  0.0  0.0  0.0  0.0  0.0  0.0
  20  1.0  0.0  0.0  0.0  0.0  1.0  0.0  0.0  0.0  0.0  0.0  0.0  0.0  0.0  0.0  0.0  0.0  0.0  0.0
  21  1.0  0.0  0.0  0.0  0.0  1.0  0.0  0.0  0.0  0.0  0.0  0.0  0.0  0.0  0.0  0.0  0.0  0.0  0.0
  22  1.0  0.0  0.0  0.0  0.0  1.0  0.0  0.0  0.0  0.0  0.0  0.0  0.0  0.0  0.0  0.0  0.0  0.0  0.0
  23  1.0  0.0  0.0  0.0  0.0  1.0  0.0  0.0  0.0  0.0  0.0  0.0  0.0  0.0  0.0  0.0  0.0  0.0  0.0
  24  1.0  0.0  0.0  0.0  0.0  1.0  0.0  0.0  0.0  0.0  0.0  0.0  0.0  0.0  0.0  0.0  0.0  0.0  0.0
  25  1.0  0.0  0.0  0.0  0.0  1.0  0.0  0.0  0.0  0.0  0.0  0.0  0.0  0.0  0.0  0.0  0.0  0.0  0.0
  26  1.0  0.0  0.0  0.0  0.0  1.0  0.0  0.0  0.0  0.0  0.0  0.0  0.0  0.0  0.0  0.0  0.0  0.0  0.0
  27  1.0  0.0  0.0  0.0  0.0  1.0  0.0  0.0  0.0  0.0  0.0  0.0  0.0  0.0  0.0  0.0  0.0  0.0  0.0
  28  1.0  0.0  0.0  0.0  0.0  1.0  0.0  0.0  0.0  0.0  0.0  0.0  0.0  0.0  0.0  0.0  0.0  0.0  0.0
  29  1.0  0.0  0.0  0.0  0.0  1.0  0.0  0.0  0.0  0.0  0.0  0.0  0.0  0.0  0.0  0.0  0.0  0.0  0.0
  30  1.0  0.0  0.0  0.0  0.0  1.0  0.0  0.0  0.0  0.0  0.0  0.0  0.0  0.0  0.0  0.0  0.0  0.0  0.0
  31  1.0  0.0  0.0  0.0  0.0  1.0  0.0  0.0  0.0  0.0  0.0  0.0  0.0  0.0  0.0  0.0  0.0  0.0  0.0
  32  1.0  0.0  0.0  0.0  0.0  1.0  0.0  0.0  0.0  0.0  0.0  0.0  0.0  0.0  0.0  0.0  0.0  0.0  0.0
  33  1.0  0.0  0.0  0.0  0.0  1.0  0.0  0.0  0.0  0.0  0.0  0.0  0.0  0.0  0.0  0.0  0.0  0.0  0.0
  34  1.0  0.0  0.0  0.0  0.0  1.0  0.0  0.0  0.0  0.0  0.0  0.0  0.0  0.0  0.0  0.0  0.0  0.0  0.0
  35  1.0  0.0  0.0  0.0  0.0  1.0  0.0  0.0  0.0  0.0  0.0  0.0  0.0  0.0  0.0  0.0  0.0  0.0  0.0
  36  1.0  0.0  0.0  0.0  0.0  1.0  0.0  0.0  0.0  0.0  0.0  0.0  0.0  0.0  0.0  0.0  0.0  0.0  0.0
  37  1.0  0.0  0.0  0.0  0.0  1.0  0.0  0.0  0.0  0.0  0.0  0.0  0.0  0.0  0.0  0.0  0.0  0.0  0.0
  38  1.0  0.0  0.0  0.0  0.0  0.0  1.0  0.0  0.0  0.0  0.0  0.0  0.0  0.0  0.0  0.0  0.0  0.0  0.0
  39  1.0  0.0  0.0  0.0  0.0  0.0  1.0  0.0  0.0  0.0  0.0  0.0  0.0  0.0  0.0  0.0  0.0  0.0  0.0
  40  1.0  0.0  0.0  0.0  0.0  1.0  0.0  0.0  0.0  0.0  0.0  0.0  0.0  0.0  0.0  0.0  0.0  0.0  0.0
 weighted cloud_albedo (2331)
  -0.0000000000000000     
 weighted ctp (2333)
  -0.0000000000000000     
 weighted total cloud area (2334)
   0.0000000000000000     
 on model levels: calipso_mol_backscatter (2340)
   1    0.123215E-05
   2    0.122812E-05
   3    0.122118E-05
   4    0.121139E-05
   5    0.119871E-05
   6    0.117889E-05
   7    0.115416E-05
   8    0.112592E-05
   9    0.109793E-05
  10    0.106542E-05
  11    0.102862E-05
  12    0.988612E-06
  13    0.950220E-06
  14    0.908364E-06
  15    0.867234E-06
  16    0.823841E-06
  17    0.777011E-06
  18    0.727808E-06
  19    0.678116E-06
  20    0.627998E-06
  21    0.578885E-06
  22    0.531186E-06
  23    0.482663E-06
  24    0.425960E-06
  25    0.368846E-06
  26    0.318036E-06
  27    0.273941E-06
  28    0.233627E-06
  29    0.195738E-06
  30    0.160552E-06
  31    0.128738E-06
  32    0.100958E-06
  33    0.770797E-07
  34    0.573243E-07
  35    0.409094E-07
  36    0.271169E-07
  37    0.153846E-07
  38    0.602253E-08
 on model levels: gbx mean cloudsat ze (2353)
   1    0.000000E+00
   2    0.000000E+00
   3    0.000000E+00
   4    0.000000E+00
   5    0.000000E+00
   6    0.000000E+00
   7    0.000000E+00
   8    0.000000E+00
   9    0.000000E+00
  10    0.000000E+00
  11    0.000000E+00
  12    0.000000E+00
  13    0.000000E+00
  14    0.000000E+00
  15    0.000000E+00
  16    0.000000E+00
  17    0.000000E+00
  18    0.000000E+00
  19    0.000000E+00
  20    0.000000E+00
  21    0.000000E+00
  22    0.000000E+00
  23    0.000000E+00
  24    0.000000E+00
  25    0.000000E+00
  26    0.000000E+00
  27    0.000000E+00
  28    0.000000E+00
  29    0.000000E+00
  30    0.000000E+00
  31    0.000000E+00
  32    0.000000E+00
  33    0.270747E-05
  34    0.158397E-08
  35    0.410037E-10
  36    0.374055E-11
  37    0.995375E-12
  38    0.233949E-12
 on 40 levels: gbx mean cloudsat ze (2354)
   1    0.000000E+00
   2    0.000000E+00
   3    0.000000E+00
   4    0.000000E+00
   5    0.000000E+00
   6    0.000000E+00
   7    0.000000E+00
   8    0.000000E+00
   9    0.000000E+00
  10    0.000000E+00
  11    0.000000E+00
  12    0.000000E+00
  13    0.000000E+00
  14    0.000000E+00
  15    0.000000E+00
  16    0.000000E+00
  17    0.000000E+00
  18    0.000000E+00
  19    0.000000E+00
  20    0.000000E+00
  21    0.000000E+00
  22    0.000000E+00
  23    0.000000E+00
  24    0.000000E+00
  25    0.000000E+00
  26    0.000000E+00
  27    0.000000E+00
  28    0.000000E+00
  29    0.000000E+00
  30    0.000000E+00
  31    0.000000E+00
  32    0.000000E+00
  33    0.000000E+00
  34    0.000000E+00
  35    0.000000E+00
  36    0.000000E+00
  37    0.000000E+00
  38    0.000000E+00
  39    0.000000E+00
  40    0.000000E+00
 on model levels: gbx mean calipso atb (2355)
   1    0.120168E-05
   2    0.119773E-05
   3    0.119095E-05
   4    0.118141E-05
   5    0.116905E-05
   6    0.434485E-05
   7    0.115416E-05
   8    0.112592E-05
   9    0.109793E-05
  10    0.106542E-05
  11    0.102862E-05
  12    0.988612E-06
  13    0.950220E-06
  14    0.908364E-06
  15    0.867234E-06
  16    0.823841E-06
  17    0.777011E-06
  18    0.727808E-06
  19    0.678116E-06
  20    0.627998E-06
  21    0.578885E-06
  22    0.531186E-06
  23    0.482663E-06
  24    0.425960E-06
  25    0.368846E-06
  26    0.318036E-06
  27    0.273941E-06
  28    0.233627E-06
  29    0.195738E-06
  30    0.160552E-06
  31    0.128738E-06
  32    0.100958E-06
  33    0.770797E-07
  34    0.573243E-07
  35    0.409094E-07
  36    0.271169E-07
  37    0.153846E-07
  38    0.602253E-08
 on 40 levels: gbx mean calipso atb (2356)
   1    0.112009E-05
   2    0.228420E-05
   3    0.195738E-06
   4    0.213654E-06
   5    0.233627E-06
   6    0.233627E-06
   7    0.270999E-06
   8    0.273941E-06
   9    0.297616E-06
  10    0.318036E-06
  11    0.331839E-06
  12    0.368846E-06
  13    0.374795E-06
  14    0.425960E-06
  15    0.427142E-06
  16    0.482663E-06
  17    0.483674E-06
  18    0.531186E-06
  19    0.536154E-06
  20    0.578885E-06
  21    0.592186E-06
  22    0.627998E-06
  23    0.654101E-06
  24    0.678116E-06
  25    0.720561E-06
  26    0.741134E-06
  27    0.777011E-06
  28    0.813109E-06
  29    0.839210E-06
  30    0.868091E-06
  31    0.908364E-06
  32    0.940628E-06
  33    0.973415E-06
  34    0.100945E-05
  35    0.104779E-05
  36    0.108506E-05
  37    0.112009E-05
  38    0.228420E-05
  39    0.190018E-05
  40    0.119328E-05
 on 40 levels: calipso_mol_backscatter (2357)
   1    0.167943E-06
   2    0.195738E-06
   3    0.195738E-06
   4    0.213654E-06
   5    0.233627E-06
   6    0.233627E-06
   7    0.270999E-06
   8    0.273941E-06
   9    0.297616E-06
  10    0.318036E-06
  11    0.331839E-06
  12    0.368846E-06
  13    0.374795E-06
  14    0.425960E-06
  15    0.427142E-06
  16    0.482663E-06
  17    0.483674E-06
  18    0.531186E-06
  19    0.536154E-06
  20    0.578885E-06
  21    0.592186E-06
  22    0.627998E-06
  23    0.654101E-06
  24    0.678116E-06
  25    0.720561E-06
  26    0.741134E-06
  27    0.777011E-06
  28    0.813109E-06
  29    0.839210E-06
  30    0.868091E-06
  31    0.908364E-06
  32    0.940628E-06
  33    0.973415E-06
  34    0.100945E-05
  35    0.104779E-05
  36    0.108506E-05
  37    0.112009E-05
  38    0.116292E-05
  39    0.119760E-05
  40    0.122356E-05
 on model levels: calipso+cloudsat cloud (2358)
   1    0.000000E+00
   2    0.000000E+00
   3    0.000000E+00
   4    0.000000E+00
   5    0.000000E+00
   6    0.100000E+01
   7    0.000000E+00
   8    0.000000E+00
   9    0.000000E+00
  10    0.000000E+00
  11    0.000000E+00
  12    0.000000E+00
  13    0.000000E+00
  14    0.000000E+00
  15    0.000000E+00
  16    0.000000E+00
  17    0.000000E+00
  18    0.000000E+00
  19    0.000000E+00
  20    0.000000E+00
  21    0.000000E+00
  22    0.000000E+00
  23    0.000000E+00
  24    0.000000E+00
  25    0.000000E+00
  26    0.000000E+00
  27    0.000000E+00
  28    0.000000E+00
  29    0.000000E+00
  30    0.000000E+00
  31    0.000000E+00
  32    0.000000E+00
  33    0.000000E+00
  34    0.000000E+00
  35    0.000000E+00
  36    0.000000E+00
  37    0.000000E+00
  38    0.000000E+00
 on 40 levels: calipso+cloudsat cloud (2359)
   1    0.000000E+00
   2    0.000000E+00
   3    0.000000E+00
   4    0.000000E+00
   5    0.000000E+00
   6    0.000000E+00
   7    0.000000E+00
   8    0.000000E+00
   9    0.000000E+00
  10    0.000000E+00
  11    0.000000E+00
  12    0.000000E+00
  13    0.000000E+00
  14    0.000000E+00
  15    0.000000E+00
  16    0.000000E+00
  17    0.000000E+00
  18    0.000000E+00
  19    0.000000E+00
  20    0.000000E+00
  21    0.000000E+00
  22    0.000000E+00
  23    0.000000E+00
  24    0.000000E+00
  25    0.000000E+00
  26    0.000000E+00
  27    0.000000E+00
  28    0.000000E+00
  29    0.000000E+00
  30    0.000000E+00
  31    0.000000E+00
  32    0.000000E+00
  33    0.000000E+00
  34    0.000000E+00
  35    0.000000E+00
  36    0.000000E+00
  37    0.000000E+00
  38    0.000000E+00
  39    0.000000E+00
  40    0.000000E+00
 on 40 levels: calipso cloud area (2371)
           1   0.0000000000000000     
           2   0.0000000000000000     
           3   0.0000000000000000     
           4   0.0000000000000000     
           5   0.0000000000000000     
           6   0.0000000000000000     
           7   0.0000000000000000     
           8   0.0000000000000000     
           9   0.0000000000000000     
          10   0.0000000000000000     
          11   0.0000000000000000     
          12   0.0000000000000000     
          13   0.0000000000000000     
          14   0.0000000000000000     
          15   0.0000000000000000     
          16   0.0000000000000000     
          17   0.0000000000000000     
          18   0.0000000000000000     
          19   0.0000000000000000     
          20   0.0000000000000000     
          21   0.0000000000000000     
          22   0.0000000000000000     
          23   0.0000000000000000     
          24   0.0000000000000000     
          25   0.0000000000000000     
          26   0.0000000000000000     
          27   0.0000000000000000     
          28   0.0000000000000000     
          29   0.0000000000000000     
          30   0.0000000000000000     
          31   0.0000000000000000     
          32   0.0000000000000000     
          33   0.0000000000000000     
          34   0.0000000000000000     
          35   0.0000000000000000     
          36   0.0000000000000000     
          37   0.0000000000000000     
          38   0.0000000000000000     
          39   0.0000000000000000     
          40   0.0000000000000000     
 on 40 levels: cloudsat cfad ze (2372)
   1  0.0  0.0  0.0  0.0  0.0  0.0  0.0  0.0  0.0  0.0  0.0  0.0  0.0  0.0  0.0
   2  0.0  0.0  0.0  0.0  0.0  0.0  0.0  0.0  0.0  0.0  0.0  0.0  0.0  0.0  0.0
   3  0.0  0.0  0.0  0.0  0.0  0.0  0.0  0.0  0.0  0.0  0.0  0.0  0.0  0.0  0.0
   4  0.0  0.0  0.0  0.0  0.0  0.0  0.0  0.0  0.0  0.0  0.0  0.0  0.0  0.0  0.0
   5  0.0  0.0  0.0  0.0  0.0  0.0  0.0  0.0  0.0  0.0  0.0  0.0  0.0  0.0  0.0
   6  0.0  0.0  0.0  0.0  0.0  0.0  0.0  0.0  0.0  0.0  0.0  0.0  0.0  0.0  0.0
   7  0.0  0.0  0.0  0.0  0.0  0.0  0.0  0.0  0.0  0.0  0.0  0.0  0.0  0.0  0.0
   8  0.0  0.0  0.0  0.0  0.0  0.0  0.0  0.0  0.0  0.0  0.0  0.0  0.0  0.0  0.0
   9  0.0  0.0  0.0  0.0  0.0  0.0  0.0  0.0  0.0  0.0  0.0  0.0  0.0  0.0  0.0
  10  0.0  0.0  0.0  0.0  0.0  0.0  0.0  0.0  0.0  0.0  0.0  0.0  0.0  0.0  0.0
  11  0.0  0.0  0.0  0.0  0.0  0.0  0.0  0.0  0.0  0.0  0.0  0.0  0.0  0.0  0.0
  12  0.0  0.0  0.0  0.0  0.0  0.0  0.0  0.0  0.0  0.0  0.0  0.0  0.0  0.0  0.0
  13  0.0  0.0  0.0  0.0  0.0  0.0  0.0  0.0  0.0  0.0  0.0  0.0  0.0  0.0  0.0
  14  0.0  0.0  0.0  0.0  0.0  0.0  0.0  0.0  0.0  0.0  0.0  0.0  0.0  0.0  0.0
  15  0.0  0.0  0.0  0.0  0.0  0.0  0.0  0.0  0.0  0.0  0.0  0.0  0.0  0.0  0.0
  16  0.0  0.0  0.0  0.0  0.0  0.0  0.0  0.0  0.0  0.0  0.0  0.0  0.0  0.0  0.0
  17  0.0  0.0  0.0  0.0  0.0  0.0  0.0  0.0  0.0  0.0  0.0  0.0  0.0  0.0  0.0
  18  0.0  0.0  0.0  0.0  0.0  0.0  0.0  0.0  0.0  0.0  0.0  0.0  0.0  0.0  0.0
  19  0.0  0.0  0.0  0.0  0.0  0.0  0.0  0.0  0.0  0.0  0.0  0.0  0.0  0.0  0.0
  20  0.0  0.0  0.0  0.0  0.0  0.0  0.0  0.0  0.0  0.0  0.0  0.0  0.0  0.0  0.0
  21  0.0  0.0  0.0  0.0  0.0  0.0  0.0  0.0  0.0  0.0  0.0  0.0  0.0  0.0  0.0
  22  0.0  0.0  0.0  0.0  0.0  0.0  0.0  0.0  0.0  0.0  0.0  0.0  0.0  0.0  0.0
  23  0.0  0.0  0.0  0.0  0.0  0.0  0.0  0.0  0.0  0.0  0.0  0.0  0.0  0.0  0.0
  24  0.0  0.0  0.0  0.0  0.0  0.0  0.0  0.0  0.0  0.0  0.0  0.0  0.0  0.0  0.0
  25  0.0  0.0  0.0  0.0  0.0  0.0  0.0  0.0  0.0  0.0  0.0  0.0  0.0  0.0  0.0
  26  0.0  0.0  0.0  0.0  0.0  0.0  0.0  0.0  0.0  0.0  0.0  0.0  0.0  0.0  0.0
  27  0.0  0.0  0.0  0.0  0.0  0.0  0.0  0.0  0.0  0.0  0.0  0.0  0.0  0.0  0.0
  28  0.0  0.0  0.0  0.0  0.0  0.0  0.0  0.0  0.0  0.0  0.0  0.0  0.0  0.0  0.0
  29  0.0  0.0  0.0  0.0  0.0  0.0  0.0  0.0  0.0  0.0  0.0  0.0  0.0  0.0  0.0
  30  0.0  0.0  0.0  0.0  0.0  0.0  0.0  0.0  0.0  0.0  0.0  0.0  0.0  0.0  0.0
  31  0.0  0.0  0.0  0.0  0.0  0.0  0.0  0.0  0.0  0.0  0.0  0.0  0.0  0.0  0.0
  32  0.0  0.0  0.0  0.0  0.0  0.0  0.0  0.0  0.0  0.0  0.0  0.0  0.0  0.0  0.0
  33  0.0  0.0  0.0  0.0  0.0  0.0  0.0  0.0  0.0  0.0  0.0  0.0  0.0  0.0  0.0
  34  0.0  0.0  0.0  0.0  0.0  0.0  0.0  0.0  0.0  0.0  0.0  0.0  0.0  0.0  0.0
  35  0.0  0.0  0.0  0.0  0.0  0.0  0.0  0.0  0.0  0.0  0.0  0.0  0.0  0.0  0.0
  36  0.0  0.0  0.0  0.0  0.0  0.0  0.0  0.0  0.0  0.0  0.0  0.0  0.0  0.0  0.0
  37  0.0  0.0  0.0  0.0  0.0  0.0  0.0  0.0  0.0  0.0  0.0  0.0  0.0  0.0  0.0
  38  1.0  0.0  0.0  0.0  0.0  0.0  0.0  0.0  0.0  0.0  0.0  0.0  0.0  0.0  0.0
  39  1.0  0.0  0.0  0.0  0.0  0.0  0.0  0.0  0.0  0.0  0.0  0.0  0.0  0.0  0.0
  40  0.0  0.0  0.0  0.0  0.0  0.0  0.0  0.0  0.0  0.0  0.0  0.0  0.0  0.0  0.0
 profile:           61
 cloud_weights (2330)
   1.0000000000000000     
 ctp_tau_histogram (2337)
  0.0  0.0  0.0  0.0  0.0  0.0  0.0
  0.0  0.0  0.0  0.0  0.0  0.0  0.0
  0.0  0.0  0.0  0.0  0.0  0.0  0.0
  0.0  0.0  0.0  0.0  0.0  0.0  0.0
  0.0  0.0  0.0  0.0  0.0  0.0  0.0
  0.0  0.0  0.0  0.0  0.0  0.0  0.0
  0.0  0.0  0.0  0.0  0.0  0.0  0.0
 calipso_tot_backscatter (2341)
   1    0.123375E-05
   2    0.120889E-05
   3    0.119367E-05
   4    0.118248E-05
   5    0.116893E-05
   6    0.115251E-05
   7    0.113362E-05
   8    0.111010E-05
   9    0.108208E-05
  10    0.105036E-05
  11    0.101616E-05
  12    0.978808E-06
  13    0.937723E-06
  14    0.893506E-06
  15    0.850357E-06
  16    0.807025E-06
  17    0.762389E-06
  18    0.717445E-06
  19    0.672877E-06
  20    0.626927E-06
  21    0.580307E-06
  22    0.532168E-06
  23    0.479115E-06
  24    0.423104E-06
  25    0.367929E-06
  26    0.317507E-06
  27    0.271504E-06
  28    0.229334E-06
  29    0.191039E-06
  30    0.157584E-06
  31    0.127421E-06
  32    0.100515E-06
  33    0.771234E-07
  34    0.574825E-07
  35    0.410528E-07
  36    0.272174E-07
  37    0.154064E-07
  38    0.603686E-08
 low/mid/high-level cloud mask/value (2321-2323, 2344-2346)
  1.0  0.0  1.0  0.0  1.0  0.0
 on 40 levels: 
 cf mask/liq/ice/undet and cfad_sr_backscatter_bins (2325, 2473-2475 and 2370)
   1  1.0  0.0  0.0  0.0  0.0  1.0  0.0  0.0  0.0  0.0  0.0  0.0  0.0  0.0  0.0  0.0  0.0  0.0  0.0
   2  1.0  0.0  0.0  0.0  0.0  1.0  0.0  0.0  0.0  0.0  0.0  0.0  0.0  0.0  0.0  0.0  0.0  0.0  0.0
   3  1.0  0.0  0.0  0.0  0.0  1.0  0.0  0.0  0.0  0.0  0.0  0.0  0.0  0.0  0.0  0.0  0.0  0.0  0.0
   4  1.0  0.0  0.0  0.0  0.0  1.0  0.0  0.0  0.0  0.0  0.0  0.0  0.0  0.0  0.0  0.0  0.0  0.0  0.0
   5  1.0  0.0  0.0  0.0  0.0  1.0  0.0  0.0  0.0  0.0  0.0  0.0  0.0  0.0  0.0  0.0  0.0  0.0  0.0
   6  1.0  0.0  0.0  0.0  0.0  1.0  0.0  0.0  0.0  0.0  0.0  0.0  0.0  0.0  0.0  0.0  0.0  0.0  0.0
   7  1.0  0.0  0.0  0.0  0.0  1.0  0.0  0.0  0.0  0.0  0.0  0.0  0.0  0.0  0.0  0.0  0.0  0.0  0.0
   8  1.0  0.0  0.0  0.0  0.0  1.0  0.0  0.0  0.0  0.0  0.0  0.0  0.0  0.0  0.0  0.0  0.0  0.0  0.0
   9  1.0  0.0  0.0  0.0  0.0  1.0  0.0  0.0  0.0  0.0  0.0  0.0  0.0  0.0  0.0  0.0  0.0  0.0  0.0
  10  1.0  0.0  0.0  0.0  0.0  1.0  0.0  0.0  0.0  0.0  0.0  0.0  0.0  0.0  0.0  0.0  0.0  0.0  0.0
  11  1.0  0.0  0.0  0.0  0.0  1.0  0.0  0.0  0.0  0.0  0.0  0.0  0.0  0.0  0.0  0.0  0.0  0.0  0.0
  12  1.0  0.0  0.0  0.0  0.0  1.0  0.0  0.0  0.0  0.0  0.0  0.0  0.0  0.0  0.0  0.0  0.0  0.0  0.0
  13  1.0  0.0  0.0  0.0  0.0  1.0  0.0  0.0  0.0  0.0  0.0  0.0  0.0  0.0  0.0  0.0  0.0  0.0  0.0
  14  1.0  0.0  0.0  0.0  0.0  1.0  0.0  0.0  0.0  0.0  0.0  0.0  0.0  0.0  0.0  0.0  0.0  0.0  0.0
  15  1.0  0.0  0.0  0.0  0.0  1.0  0.0  0.0  0.0  0.0  0.0  0.0  0.0  0.0  0.0  0.0  0.0  0.0  0.0
  16  1.0  0.0  0.0  0.0  0.0  1.0  0.0  0.0  0.0  0.0  0.0  0.0  0.0  0.0  0.0  0.0  0.0  0.0  0.0
  17  1.0  0.0  0.0  0.0  0.0  1.0  0.0  0.0  0.0  0.0  0.0  0.0  0.0  0.0  0.0  0.0  0.0  0.0  0.0
  18  1.0  0.0  0.0  0.0  0.0  1.0  0.0  0.0  0.0  0.0  0.0  0.0  0.0  0.0  0.0  0.0  0.0  0.0  0.0
  19  1.0  0.0  0.0  0.0  0.0  1.0  0.0  0.0  0.0  0.0  0.0  0.0  0.0  0.0  0.0  0.0  0.0  0.0  0.0
  20  1.0  0.0  0.0  0.0  0.0  1.0  0.0  0.0  0.0  0.0  0.0  0.0  0.0  0.0  0.0  0.0  0.0  0.0  0.0
  21  1.0  0.0  0.0  0.0  0.0  1.0  0.0  0.0  0.0  0.0  0.0  0.0  0.0  0.0  0.0  0.0  0.0  0.0  0.0
  22  1.0  0.0  0.0  0.0  0.0  1.0  0.0  0.0  0.0  0.0  0.0  0.0  0.0  0.0  0.0  0.0  0.0  0.0  0.0
  23  1.0  0.0  0.0  0.0  0.0  1.0  0.0  0.0  0.0  0.0  0.0  0.0  0.0  0.0  0.0  0.0  0.0  0.0  0.0
  24  1.0  0.0  0.0  0.0  0.0  1.0  0.0  0.0  0.0  0.0  0.0  0.0  0.0  0.0  0.0  0.0  0.0  0.0  0.0
  25  1.0  0.0  0.0  0.0  0.0  1.0  0.0  0.0  0.0  0.0  0.0  0.0  0.0  0.0  0.0  0.0  0.0  0.0  0.0
  26  1.0  0.0  0.0  0.0  0.0  1.0  0.0  0.0  0.0  0.0  0.0  0.0  0.0  0.0  0.0  0.0  0.0  0.0  0.0
  27  1.0  0.0  0.0  0.0  0.0  1.0  0.0  0.0  0.0  0.0  0.0  0.0  0.0  0.0  0.0  0.0  0.0  0.0  0.0
  28  1.0  0.0  0.0  0.0  0.0  1.0  0.0  0.0  0.0  0.0  0.0  0.0  0.0  0.0  0.0  0.0  0.0  0.0  0.0
  29  1.0  0.0  0.0  0.0  0.0  1.0  0.0  0.0  0.0  0.0  0.0  0.0  0.0  0.0  0.0  0.0  0.0  0.0  0.0
  30  1.0  0.0  0.0  0.0  0.0  1.0  0.0  0.0  0.0  0.0  0.0  0.0  0.0  0.0  0.0  0.0  0.0  0.0  0.0
  31  1.0  0.0  0.0  0.0  0.0  1.0  0.0  0.0  0.0  0.0  0.0  0.0  0.0  0.0  0.0  0.0  0.0  0.0  0.0
  32  1.0  0.0  0.0  0.0  0.0  1.0  0.0  0.0  0.0  0.0  0.0  0.0  0.0  0.0  0.0  0.0  0.0  0.0  0.0
  33  1.0  0.0  0.0  0.0  0.0  1.0  0.0  0.0  0.0  0.0  0.0  0.0  0.0  0.0  0.0  0.0  0.0  0.0  0.0
  34  1.0  0.0  0.0  0.0  0.0  1.0  0.0  0.0  0.0  0.0  0.0  0.0  0.0  0.0  0.0  0.0  0.0  0.0  0.0
  35  1.0  0.0  0.0  0.0  0.0  1.0  0.0  0.0  0.0  0.0  0.0  0.0  0.0  0.0  0.0  0.0  0.0  0.0  0.0
  36  1.0  0.0  0.0  0.0  0.0  1.0  0.0  0.0  0.0  0.0  0.0  0.0  0.0  0.0  0.0  0.0  0.0  0.0  0.0
  37  1.0  0.0  0.0  0.0  0.0  1.0  0.0  0.0  0.0  0.0  0.0  0.0  0.0  0.0  0.0  0.0  0.0  0.0  0.0
  38  1.0  0.0  0.0  0.0  0.0  1.0  0.0  0.0  0.0  0.0  0.0  0.0  0.0  0.0  0.0  0.0  0.0  0.0  0.0
  39  1.0  0.0  0.0  0.0  0.0  1.0  0.0  0.0  0.0  0.0  0.0  0.0  0.0  0.0  0.0  0.0  0.0  0.0  0.0
  40  1.0  0.0  0.0  0.0  0.0  1.0  0.0  0.0  0.0  0.0  0.0  0.0  0.0  0.0  0.0  0.0  0.0  0.0  0.0
 weighted cloud_albedo (2331)
  -0.0000000000000000     
 weighted ctp (2333)
  -0.0000000000000000     
 weighted total cloud area (2334)
   0.0000000000000000     
 on model levels: calipso_mol_backscatter (2340)
   1    0.122516E-05
   2    0.120889E-05
   3    0.119367E-05
   4    0.118248E-05
   5    0.116893E-05
   6    0.115251E-05
   7    0.113362E-05
   8    0.111010E-05
   9    0.108208E-05
  10    0.105036E-05
  11    0.101616E-05
  12    0.978808E-06
  13    0.937723E-06
  14    0.893506E-06
  15    0.850357E-06
  16    0.807025E-06
  17    0.762389E-06
  18    0.717445E-06
  19    0.672877E-06
  20    0.626927E-06
  21    0.580307E-06
  22    0.532168E-06
  23    0.479115E-06
  24    0.423104E-06
  25    0.367929E-06
  26    0.317507E-06
  27    0.271504E-06
  28    0.229334E-06
  29    0.191039E-06
  30    0.157584E-06
  31    0.127421E-06
  32    0.100515E-06
  33    0.771234E-07
  34    0.574825E-07
  35    0.410528E-07
  36    0.272174E-07
  37    0.154064E-07
  38    0.603686E-08
 on model levels: gbx mean cloudsat ze (2353)
   1    0.000000E+00
   2    0.000000E+00
   3    0.000000E+00
   4    0.000000E+00
   5    0.000000E+00
   6    0.000000E+00
   7    0.000000E+00
   8    0.000000E+00
   9    0.000000E+00
  10    0.000000E+00
  11    0.000000E+00
  12    0.000000E+00
  13    0.000000E+00
  14    0.000000E+00
  15    0.000000E+00
  16    0.000000E+00
  17    0.000000E+00
  18    0.000000E+00
  19    0.000000E+00
  20    0.000000E+00
  21    0.000000E+00
  22    0.000000E+00
  23    0.000000E+00
  24    0.000000E+00
  25    0.000000E+00
  26    0.000000E+00
  27    0.000000E+00
  28    0.000000E+00
  29    0.000000E+00
  30    0.000000E+00
  31    0.000000E+00
  32    0.000000E+00
  33    0.000000E+00
  34    0.000000E+00
  35    0.000000E+00
  36    0.000000E+00
  37    0.000000E+00
  38    0.963724E-15
 on 40 levels: gbx mean cloudsat ze (2354)
   1    0.000000E+00
   2    0.000000E+00
   3    0.000000E+00
   4    0.000000E+00
   5    0.000000E+00
   6    0.000000E+00
   7    0.000000E+00
   8    0.000000E+00
   9    0.000000E+00
  10    0.000000E+00
  11    0.000000E+00
  12    0.000000E+00
  13    0.000000E+00
  14    0.000000E+00
  15    0.000000E+00
  16    0.000000E+00
  17    0.000000E+00
  18    0.000000E+00
  19    0.000000E+00
  20    0.000000E+00
  21    0.000000E+00
  22    0.000000E+00
  23    0.000000E+00
  24    0.000000E+00
  25    0.000000E+00
  26    0.000000E+00
  27    0.000000E+00
  28    0.000000E+00
  29    0.000000E+00
  30    0.000000E+00
  31    0.000000E+00
  32    0.000000E+00
  33    0.000000E+00
  34    0.000000E+00
  35    0.000000E+00
  36    0.000000E+00
  37    0.000000E+00
  38    0.000000E+00
  39    0.000000E+00
  40    0.000000E+00
 on model levels: gbx mean calipso atb (2355)
   1    0.123375E-05
   2    0.120889E-05
   3    0.119367E-05
   4    0.118248E-05
   5    0.116893E-05
   6    0.115251E-05
   7    0.113362E-05
   8    0.111010E-05
   9    0.108208E-05
  10    0.105036E-05
  11    0.101616E-05
  12    0.978808E-06
  13    0.937723E-06
  14    0.893506E-06
  15    0.850357E-06
  16    0.807025E-06
  17    0.762389E-06
  18    0.717445E-06
  19    0.672877E-06
  20    0.626927E-06
  21    0.580307E-06
  22    0.532168E-06
  23    0.479115E-06
  24    0.423104E-06
  25    0.367929E-06
  26    0.317507E-06
  27    0.271504E-06
  28    0.229334E-06
  29    0.191039E-06
  30    0.157584E-06
  31    0.127421E-06
  32    0.100515E-06
  33    0.771234E-07
  34    0.574825E-07
  35    0.410528E-07
  36    0.272174E-07
  37    0.154064E-07
  38    0.603686E-08
 on 40 levels: gbx mean calipso atb (2356)
   1    0.112917E-05
   2    0.116217E-05
   3    0.191039E-06
   4    0.209147E-06
   5    0.229334E-06
   6    0.229334E-06
   7    0.268601E-06
   8    0.271504E-06
   9    0.296918E-06
  10    0.317507E-06
  11    0.332871E-06
  12    0.367929E-06
  13    0.376763E-06
  14    0.423104E-06
  15    0.428952E-06
  16    0.479115E-06
  17    0.486338E-06
  18    0.532168E-06
  19    0.544428E-06
  20    0.580307E-06
  21    0.601724E-06
  22    0.626927E-06
  23    0.661377E-06
  24    0.678452E-06
  25    0.717445E-06
  26    0.743735E-06
  27    0.768139E-06
  28    0.807025E-06
  29    0.839794E-06
  30    0.870495E-06
  31    0.904996E-06
  32    0.943280E-06
  33    0.982264E-06
  34    0.102065E-05
  35    0.105834E-05
  36    0.109475E-05
  37    0.112917E-05
  38    0.116217E-05
  39    0.119777E-05
  40    0.123375E-05
 on 40 levels: calipso_mol_backscatter (2357)
   1    0.164611E-06
   2    0.191039E-06
   3    0.191039E-06
   4    0.209147E-06
   5    0.229334E-06
   6    0.229334E-06
   7    0.268601E-06
   8    0.271504E-06
   9    0.296918E-06
  10    0.317507E-06
  11    0.332871E-06
  12    0.367929E-06
  13    0.376763E-06
  14    0.423104E-06
  15    0.428952E-06
  16    0.479115E-06
  17    0.486338E-06
  18    0.532168E-06
  19    0.544428E-06
  20    0.580307E-06
  21    0.601724E-06
  22    0.626927E-06
  23    0.661377E-06
  24    0.678452E-06
  25    0.717445E-06
  26    0.743735E-06
  27    0.768139E-06
  28    0.807025E-06
  29    0.839794E-06
  30    0.870495E-06
  31    0.904996E-06
  32    0.943280E-06
  33    0.982264E-06
  34    0.102065E-05
  35    0.105834E-05
  36    0.109475E-05
  37    0.112917E-05
  38    0.116217E-05
  39    0.119686E-05
  40    0.122516E-05
 on model levels: calipso+cloudsat cloud (2358)
   1    0.000000E+00
   2    0.000000E+00
   3    0.000000E+00
   4    0.000000E+00
   5    0.000000E+00
   6    0.000000E+00
   7    0.000000E+00
   8    0.000000E+00
   9    0.000000E+00
  10    0.000000E+00
  11    0.000000E+00
  12    0.000000E+00
  13    0.000000E+00
  14    0.000000E+00
  15    0.000000E+00
  16    0.000000E+00
  17    0.000000E+00
  18    0.000000E+00
  19    0.000000E+00
  20    0.000000E+00
  21    0.000000E+00
  22    0.000000E+00
  23    0.000000E+00
  24    0.000000E+00
  25    0.000000E+00
  26    0.000000E+00
  27    0.000000E+00
  28    0.000000E+00
  29    0.000000E+00
  30    0.000000E+00
  31    0.000000E+00
  32    0.000000E+00
  33    0.000000E+00
  34    0.000000E+00
  35    0.000000E+00
  36    0.000000E+00
  37    0.000000E+00
  38    0.000000E+00
 on 40 levels: calipso+cloudsat cloud (2359)
   1    0.000000E+00
   2    0.000000E+00
   3    0.000000E+00
   4    0.000000E+00
   5    0.000000E+00
   6    0.000000E+00
   7    0.000000E+00
   8    0.000000E+00
   9    0.000000E+00
  10    0.000000E+00
  11    0.000000E+00
  12    0.000000E+00
  13    0.000000E+00
  14    0.000000E+00
  15    0.000000E+00
  16    0.000000E+00
  17    0.000000E+00
  18    0.000000E+00
  19    0.000000E+00
  20    0.000000E+00
  21    0.000000E+00
  22    0.000000E+00
  23    0.000000E+00
  24    0.000000E+00
  25    0.000000E+00
  26    0.000000E+00
  27    0.000000E+00
  28    0.000000E+00
  29    0.000000E+00
  30    0.000000E+00
  31    0.000000E+00
  32    0.000000E+00
  33    0.000000E+00
  34    0.000000E+00
  35    0.000000E+00
  36    0.000000E+00
  37    0.000000E+00
  38    0.000000E+00
  39    0.000000E+00
  40    0.000000E+00
 on 40 levels: calipso cloud area (2371)
           1   0.0000000000000000     
           2   0.0000000000000000     
           3   0.0000000000000000     
           4   0.0000000000000000     
           5   0.0000000000000000     
           6   0.0000000000000000     
           7   0.0000000000000000     
           8   0.0000000000000000     
           9   0.0000000000000000     
          10   0.0000000000000000     
          11   0.0000000000000000     
          12   0.0000000000000000     
          13   0.0000000000000000     
          14   0.0000000000000000     
          15   0.0000000000000000     
          16   0.0000000000000000     
          17   0.0000000000000000     
          18   0.0000000000000000     
          19   0.0000000000000000     
          20   0.0000000000000000     
          21   0.0000000000000000     
          22   0.0000000000000000     
          23   0.0000000000000000     
          24   0.0000000000000000     
          25   0.0000000000000000     
          26   0.0000000000000000     
          27   0.0000000000000000     
          28   0.0000000000000000     
          29   0.0000000000000000     
          30   0.0000000000000000     
          31   0.0000000000000000     
          32   0.0000000000000000     
          33   0.0000000000000000     
          34   0.0000000000000000     
          35   0.0000000000000000     
          36   0.0000000000000000     
          37   0.0000000000000000     
          38   0.0000000000000000     
          39   0.0000000000000000     
          40   0.0000000000000000     
 on 40 levels: cloudsat cfad ze (2372)
   1  0.0  0.0  0.0  0.0  0.0  0.0  0.0  0.0  0.0  0.0  0.0  0.0  0.0  0.0  0.0
   2  0.0  0.0  0.0  0.0  0.0  0.0  0.0  0.0  0.0  0.0  0.0  0.0  0.0  0.0  0.0
   3  0.0  0.0  0.0  0.0  0.0  0.0  0.0  0.0  0.0  0.0  0.0  0.0  0.0  0.0  0.0
   4  0.0  0.0  0.0  0.0  0.0  0.0  0.0  0.0  0.0  0.0  0.0  0.0  0.0  0.0  0.0
   5  0.0  0.0  0.0  0.0  0.0  0.0  0.0  0.0  0.0  0.0  0.0  0.0  0.0  0.0  0.0
   6  0.0  0.0  0.0  0.0  0.0  0.0  0.0  0.0  0.0  0.0  0.0  0.0  0.0  0.0  0.0
   7  0.0  0.0  0.0  0.0  0.0  0.0  0.0  0.0  0.0  0.0  0.0  0.0  0.0  0.0  0.0
   8  0.0  0.0  0.0  0.0  0.0  0.0  0.0  0.0  0.0  0.0  0.0  0.0  0.0  0.0  0.0
   9  0.0  0.0  0.0  0.0  0.0  0.0  0.0  0.0  0.0  0.0  0.0  0.0  0.0  0.0  0.0
  10  0.0  0.0  0.0  0.0  0.0  0.0  0.0  0.0  0.0  0.0  0.0  0.0  0.0  0.0  0.0
  11  0.0  0.0  0.0  0.0  0.0  0.0  0.0  0.0  0.0  0.0  0.0  0.0  0.0  0.0  0.0
  12  0.0  0.0  0.0  0.0  0.0  0.0  0.0  0.0  0.0  0.0  0.0  0.0  0.0  0.0  0.0
  13  0.0  0.0  0.0  0.0  0.0  0.0  0.0  0.0  0.0  0.0  0.0  0.0  0.0  0.0  0.0
  14  0.0  0.0  0.0  0.0  0.0  0.0  0.0  0.0  0.0  0.0  0.0  0.0  0.0  0.0  0.0
  15  0.0  0.0  0.0  0.0  0.0  0.0  0.0  0.0  0.0  0.0  0.0  0.0  0.0  0.0  0.0
  16  0.0  0.0  0.0  0.0  0.0  0.0  0.0  0.0  0.0  0.0  0.0  0.0  0.0  0.0  0.0
  17  0.0  0.0  0.0  0.0  0.0  0.0  0.0  0.0  0.0  0.0  0.0  0.0  0.0  0.0  0.0
  18  0.0  0.0  0.0  0.0  0.0  0.0  0.0  0.0  0.0  0.0  0.0  0.0  0.0  0.0  0.0
  19  0.0  0.0  0.0  0.0  0.0  0.0  0.0  0.0  0.0  0.0  0.0  0.0  0.0  0.0  0.0
  20  0.0  0.0  0.0  0.0  0.0  0.0  0.0  0.0  0.0  0.0  0.0  0.0  0.0  0.0  0.0
  21  0.0  0.0  0.0  0.0  0.0  0.0  0.0  0.0  0.0  0.0  0.0  0.0  0.0  0.0  0.0
  22  0.0  0.0  0.0  0.0  0.0  0.0  0.0  0.0  0.0  0.0  0.0  0.0  0.0  0.0  0.0
  23  0.0  0.0  0.0  0.0  0.0  0.0  0.0  0.0  0.0  0.0  0.0  0.0  0.0  0.0  0.0
  24  0.0  0.0  0.0  0.0  0.0  0.0  0.0  0.0  0.0  0.0  0.0  0.0  0.0  0.0  0.0
  25  0.0  0.0  0.0  0.0  0.0  0.0  0.0  0.0  0.0  0.0  0.0  0.0  0.0  0.0  0.0
  26  0.0  0.0  0.0  0.0  0.0  0.0  0.0  0.0  0.0  0.0  0.0  0.0  0.0  0.0  0.0
  27  0.0  0.0  0.0  0.0  0.0  0.0  0.0  0.0  0.0  0.0  0.0  0.0  0.0  0.0  0.0
  28  0.0  0.0  0.0  0.0  0.0  0.0  0.0  0.0  0.0  0.0  0.0  0.0  0.0  0.0  0.0
  29  0.0  0.0  0.0  0.0  0.0  0.0  0.0  0.0  0.0  0.0  0.0  0.0  0.0  0.0  0.0
  30  0.0  0.0  0.0  0.0  0.0  0.0  0.0  0.0  0.0  0.0  0.0  0.0  0.0  0.0  0.0
  31  0.0  0.0  0.0  0.0  0.0  0.0  0.0  0.0  0.0  0.0  0.0  0.0  0.0  0.0  0.0
  32  0.0  0.0  0.0  0.0  0.0  0.0  0.0  0.0  0.0  0.0  0.0  0.0  0.0  0.0  0.0
  33  0.0  0.0  0.0  0.0  0.0  0.0  0.0  0.0  0.0  0.0  0.0  0.0  0.0  0.0  0.0
  34  0.0  0.0  0.0  0.0  0.0  0.0  0.0  0.0  0.0  0.0  0.0  0.0  0.0  0.0  0.0
  35  0.0  0.0  0.0  0.0  0.0  0.0  0.0  0.0  0.0  0.0  0.0  0.0  0.0  0.0  0.0
  36  0.0  0.0  0.0  0.0  0.0  0.0  0.0  0.0  0.0  0.0  0.0  0.0  0.0  0.0  0.0
  37  0.0  0.0  0.0  0.0  0.0  0.0  0.0  0.0  0.0  0.0  0.0  0.0  0.0  0.0  0.0
  38  0.0  0.0  0.0  0.0  0.0  0.0  0.0  0.0  0.0  0.0  0.0  0.0  0.0  0.0  0.0
  39  0.0  0.0  0.0  0.0  0.0  0.0  0.0  0.0  0.0  0.0  0.0  0.0  0.0  0.0  0.0
  40  0.0  0.0  0.0  0.0  0.0  0.0  0.0  0.0  0.0  0.0  0.0  0.0  0.0  0.0  0.0
 profile:           71
 cloud_weights (2330)
   1.0000000000000000     
 ctp_tau_histogram (2337)
  0.0  0.0  0.0  0.0  0.0  0.0  0.0
  0.0  0.0  0.0  0.0  0.0  0.0  0.0
  0.0  0.0  0.0  0.0  0.0  0.0  0.0
  0.0  0.0  0.0  0.0  0.0  0.0  0.0
  0.0  0.0  0.0  0.0  0.0  0.0  0.0
  0.0  0.0  0.0  0.0  0.0  0.0  0.0
  0.0  0.0  0.0  0.0  0.0  0.0  0.0
 calipso_tot_backscatter (2341)
   1    0.120894E-05
   2    0.119034E-05
   3    0.117398E-05
   4    0.116263E-05
   5    0.115003E-05
   6    0.113433E-05
   7    0.111544E-05
   8    0.109141E-05
   9    0.106169E-05
  10    0.102854E-05
  11    0.993421E-06
  12    0.957385E-06
  13    0.922119E-06
  14    0.883288E-06
  15    0.842056E-06
  16    0.799783E-06
  17    0.756645E-06
  18    0.712410E-06
  19    0.667693E-06
  20    0.621947E-06
  21    0.575365E-06
  22    0.527690E-06
  23    0.480507E-06
  24    0.432295E-06
  25    0.379405E-06
  26    0.327224E-06
  27    0.278733E-06
  28    0.234929E-06
  29    0.195160E-06
  30    0.159115E-06
  31    0.128237E-06
  32    0.101115E-06
  33    0.775532E-07
  34    0.577907E-07
  35    0.412128E-07
  36    0.272184E-07
  37    0.153598E-07
  38    0.603703E-08
 low/mid/high-level cloud mask/value (2321-2323, 2344-2346)
  1.0  0.0  1.0  0.0  1.0  0.0
 on 40 levels: 
 cf mask/liq/ice/undet and cfad_sr_backscatter_bins (2325, 2473-2475 and 2370)
   1  1.0  0.0  0.0  0.0  0.0  1.0  0.0  0.0  0.0  0.0  0.0  0.0  0.0  0.0  0.0  0.0  0.0  0.0  0.0
   2  1.0  0.0  0.0  0.0  0.0  1.0  0.0  0.0  0.0  0.0  0.0  0.0  0.0  0.0  0.0  0.0  0.0  0.0  0.0
   3  1.0  0.0  0.0  0.0  0.0  1.0  0.0  0.0  0.0  0.0  0.0  0.0  0.0  0.0  0.0  0.0  0.0  0.0  0.0
   4  1.0  0.0  0.0  0.0  0.0  1.0  0.0  0.0  0.0  0.0  0.0  0.0  0.0  0.0  0.0  0.0  0.0  0.0  0.0
   5  1.0  0.0  0.0  0.0  0.0  1.0  0.0  0.0  0.0  0.0  0.0  0.0  0.0  0.0  0.0  0.0  0.0  0.0  0.0
   6  1.0  0.0  0.0  0.0  0.0  1.0  0.0  0.0  0.0  0.0  0.0  0.0  0.0  0.0  0.0  0.0  0.0  0.0  0.0
   7  1.0  0.0  0.0  0.0  0.0  1.0  0.0  0.0  0.0  0.0  0.0  0.0  0.0  0.0  0.0  0.0  0.0  0.0  0.0
   8  1.0  0.0  0.0  0.0  0.0  1.0  0.0  0.0  0.0  0.0  0.0  0.0  0.0  0.0  0.0  0.0  0.0  0.0  0.0
   9  1.0  0.0  0.0  0.0  0.0  1.0  0.0  0.0  0.0  0.0  0.0  0.0  0.0  0.0  0.0  0.0  0.0  0.0  0.0
  10  1.0  0.0  0.0  0.0  0.0  1.0  0.0  0.0  0.0  0.0  0.0  0.0  0.0  0.0  0.0  0.0  0.0  0.0  0.0
  11  1.0  0.0  0.0  0.0  0.0  1.0  0.0  0.0  0.0  0.0  0.0  0.0  0.0  0.0  0.0  0.0  0.0  0.0  0.0
  12  1.0  0.0  0.0  0.0  0.0  1.0  0.0  0.0  0.0  0.0  0.0  0.0  0.0  0.0  0.0  0.0  0.0  0.0  0.0
  13  1.0  0.0  0.0  0.0  0.0  1.0  0.0  0.0  0.0  0.0  0.0  0.0  0.0  0.0  0.0  0.0  0.0  0.0  0.0
  14  1.0  0.0  0.0  0.0  0.0  1.0  0.0  0.0  0.0  0.0  0.0  0.0  0.0  0.0  0.0  0.0  0.0  0.0  0.0
  15  1.0  0.0  0.0  0.0  0.0  1.0  0.0  0.0  0.0  0.0  0.0  0.0  0.0  0.0  0.0  0.0  0.0  0.0  0.0
  16  1.0  0.0  0.0  0.0  0.0  1.0  0.0  0.0  0.0  0.0  0.0  0.0  0.0  0.0  0.0  0.0  0.0  0.0  0.0
  17  1.0  0.0  0.0  0.0  0.0  1.0  0.0  0.0  0.0  0.0  0.0  0.0  0.0  0.0  0.0  0.0  0.0  0.0  0.0
  18  1.0  0.0  0.0  0.0  0.0  1.0  0.0  0.0  0.0  0.0  0.0  0.0  0.0  0.0  0.0  0.0  0.0  0.0  0.0
  19  1.0  0.0  0.0  0.0  0.0  1.0  0.0  0.0  0.0  0.0  0.0  0.0  0.0  0.0  0.0  0.0  0.0  0.0  0.0
  20  1.0  0.0  0.0  0.0  0.0  1.0  0.0  0.0  0.0  0.0  0.0  0.0  0.0  0.0  0.0  0.0  0.0  0.0  0.0
  21  1.0  0.0  0.0  0.0  0.0  1.0  0.0  0.0  0.0  0.0  0.0  0.0  0.0  0.0  0.0  0.0  0.0  0.0  0.0
  22  1.0  0.0  0.0  0.0  0.0  1.0  0.0  0.0  0.0  0.0  0.0  0.0  0.0  0.0  0.0  0.0  0.0  0.0  0.0
  23  1.0  0.0  0.0  0.0  0.0  1.0  0.0  0.0  0.0  0.0  0.0  0.0  0.0  0.0  0.0  0.0  0.0  0.0  0.0
  24  1.0  0.0  0.0  0.0  0.0  1.0  0.0  0.0  0.0  0.0  0.0  0.0  0.0  0.0  0.0  0.0  0.0  0.0  0.0
  25  1.0  0.0  0.0  0.0  0.0  1.0  0.0  0.0  0.0  0.0  0.0  0.0  0.0  0.0  0.0  0.0  0.0  0.0  0.0
  26  1.0  0.0  0.0  0.0  0.0  1.0  0.0  0.0  0.0  0.0  0.0  0.0  0.0  0.0  0.0  0.0  0.0  0.0  0.0
  27  1.0  0.0  0.0  0.0  0.0  1.0  0.0  0.0  0.0  0.0  0.0  0.0  0.0  0.0  0.0  0.0  0.0  0.0  0.0
  28  1.0  0.0  0.0  0.0  0.0  1.0  0.0  0.0  0.0  0.0  0.0  0.0  0.0  0.0  0.0  0.0  0.0  0.0  0.0
  29  1.0  0.0  0.0  0.0  0.0  1.0  0.0  0.0  0.0  0.0  0.0  0.0  0.0  0.0  0.0  0.0  0.0  0.0  0.0
  30  1.0  0.0  0.0  0.0  0.0  1.0  0.0  0.0  0.0  0.0  0.0  0.0  0.0  0.0  0.0  0.0  0.0  0.0  0.0
  31  1.0  0.0  0.0  0.0  0.0  1.0  0.0  0.0  0.0  0.0  0.0  0.0  0.0  0.0  0.0  0.0  0.0  0.0  0.0
  32  1.0  0.0  0.0  0.0  0.0  1.0  0.0  0.0  0.0  0.0  0.0  0.0  0.0  0.0  0.0  0.0  0.0  0.0  0.0
  33  1.0  0.0  0.0  0.0  0.0  1.0  0.0  0.0  0.0  0.0  0.0  0.0  0.0  0.0  0.0  0.0  0.0  0.0  0.0
  34  1.0  0.0  0.0  0.0  0.0  1.0  0.0  0.0  0.0  0.0  0.0  0.0  0.0  0.0  0.0  0.0  0.0  0.0  0.0
  35  1.0  0.0  0.0  0.0  0.0  1.0  0.0  0.0  0.0  0.0  0.0  0.0  0.0  0.0  0.0  0.0  0.0  0.0  0.0
  36  1.0  0.0  0.0  0.0  0.0  1.0  0.0  0.0  0.0  0.0  0.0  0.0  0.0  0.0  0.0  0.0  0.0  0.0  0.0
  37  1.0  0.0  0.0  0.0  0.0  1.0  0.0  0.0  0.0  0.0  0.0  0.0  0.0  0.0  0.0  0.0  0.0  0.0  0.0
  38  1.0  0.0  0.0  0.0  0.0  1.0  0.0  0.0  0.0  0.0  0.0  0.0  0.0  0.0  0.0  0.0  0.0  0.0  0.0
  39  1.0  0.0  0.0  0.0  0.0  1.0  0.0  0.0  0.0  0.0  0.0  0.0  0.0  0.0  0.0  0.0  0.0  0.0  0.0
  40  0.0  0.0  0.0  0.0  0.0  0.0  0.0  0.0  0.0  0.0  0.0  0.0  0.0  0.0  0.0  0.0  0.0  0.0  0.0
 weighted cloud_albedo (2331)
  -0.0000000000000000     
 weighted ctp (2333)
  -0.0000000000000000     
 weighted total cloud area (2334)
   0.0000000000000000     
 on model levels: calipso_mol_backscatter (2340)
   1    0.120894E-05
   2    0.119034E-05
   3    0.117398E-05
   4    0.116263E-05
   5    0.115003E-05
   6    0.113433E-05
   7    0.111544E-05
   8    0.109141E-05
   9    0.106169E-05
  10    0.102854E-05
  11    0.993421E-06
  12    0.957385E-06
  13    0.922119E-06
  14    0.883288E-06
  15    0.842056E-06
  16    0.799783E-06
  17    0.756645E-06
  18    0.712410E-06
  19    0.667693E-06
  20    0.621947E-06
  21    0.575365E-06
  22    0.527690E-06
  23    0.480507E-06
  24    0.432295E-06
  25    0.379405E-06
  26    0.327224E-06
  27    0.278733E-06
  28    0.234929E-06
  29    0.195160E-06
  30    0.159115E-06
  31    0.128237E-06
  32    0.101115E-06
  33    0.775532E-07
  34    0.577907E-07
  35    0.412128E-07
  36    0.272184E-07
  37    0.153598E-07
  38    0.603703E-08
 on model levels: gbx mean cloudsat ze (2353)
   1    0.000000E+00
   2    0.000000E+00
   3    0.000000E+00
   4    0.000000E+00
   5    0.000000E+00
   6    0.000000E+00
   7    0.000000E+00
   8    0.000000E+00
   9    0.000000E+00
  10    0.000000E+00
  11    0.000000E+00
  12    0.000000E+00
  13    0.000000E+00
  14    0.000000E+00
  15    0.000000E+00
  16    0.000000E+00
  17    0.000000E+00
  18    0.000000E+00
  19    0.000000E+00
  20    0.000000E+00
  21    0.000000E+00
  22    0.000000E+00
  23    0.000000E+00
  24    0.000000E+00
  25    0.000000E+00
  26    0.000000E+00
  27    0.000000E+00
  28    0.000000E+00
  29    0.000000E+00
  30    0.000000E+00
  31    0.000000E+00
  32    0.000000E+00
  33    0.000000E+00
  34    0.000000E+00
  35    0.000000E+00
  36    0.000000E+00
  37    0.000000E+00
  38    0.000000E+00
 on 40 levels: gbx mean cloudsat ze (2354)
   1    0.000000E+00
   2    0.000000E+00
   3    0.000000E+00
   4    0.000000E+00
   5    0.000000E+00
   6    0.000000E+00
   7    0.000000E+00
   8    0.000000E+00
   9    0.000000E+00
  10    0.000000E+00
  11    0.000000E+00
  12    0.000000E+00
  13    0.000000E+00
  14    0.000000E+00
  15    0.000000E+00
  16    0.000000E+00
  17    0.000000E+00
  18    0.000000E+00
  19    0.000000E+00
  20    0.000000E+00
  21    0.000000E+00
  22    0.000000E+00
  23    0.000000E+00
  24    0.000000E+00
  25    0.000000E+00
  26    0.000000E+00
  27    0.000000E+00
  28    0.000000E+00
  29    0.000000E+00
  30    0.000000E+00
  31    0.000000E+00
  32    0.000000E+00
  33    0.000000E+00
  34    0.000000E+00
  35    0.000000E+00
  36    0.000000E+00
  37    0.000000E+00
  38    0.000000E+00
  39    0.000000E+00
  40    0.000000E+00
 on model levels: gbx mean calipso atb (2355)
   1    0.120894E-05
   2    0.119034E-05
   3    0.117398E-05
   4    0.116263E-05
   5    0.115003E-05
   6    0.113433E-05
   7    0.111544E-05
   8    0.109141E-05
   9    0.106169E-05
  10    0.102854E-05
  11    0.993421E-06
  12    0.957385E-06
  13    0.922119E-06
  14    0.883288E-06
  15    0.842056E-06
  16    0.799783E-06
  17    0.756645E-06
  18    0.712410E-06
  19    0.667693E-06
  20    0.621947E-06
  21    0.575365E-06
  22    0.527690E-06
  23    0.480507E-06
  24    0.432295E-06
  25    0.379405E-06
  26    0.327224E-06
  27    0.278733E-06
  28    0.234929E-06
  29    0.195160E-06
  30    0.159115E-06
  31    0.128237E-06
  32    0.101115E-06
  33    0.775532E-07
  34    0.577907E-07
  35    0.412128E-07
  36    0.272184E-07
  37    0.153598E-07
  38    0.603703E-08
 on 40 levels: gbx mean calipso atb (2356)
   1    0.112504E-05
   2    0.115705E-05
   3    0.195160E-06
   4    0.213965E-06
   5    0.234929E-06
   6    0.234929E-06
   7    0.275818E-06
   8    0.278733E-06
   9    0.305940E-06
  10    0.327224E-06
  11    0.344083E-06
  12    0.379405E-06
  13    0.389518E-06
  14    0.432295E-06
  15    0.439570E-06
  16    0.480507E-06
  17    0.489957E-06
  18    0.527690E-06
  19    0.543822E-06
  20    0.575365E-06
  21    0.601650E-06
  22    0.621947E-06
  23    0.662066E-06
  24    0.680023E-06
  25    0.712410E-06
  26    0.746013E-06
  27    0.770791E-06
  28    0.799783E-06
  29    0.841204E-06
  30    0.871524E-06
  31    0.903939E-06
  32    0.937305E-06
  33    0.972176E-06
  34    0.100996E-05
  35    0.104880E-05
  36    0.108953E-05
  37    0.112504E-05
  38    0.115705E-05
  39    0.118974E-05
  40    0.000000E+00
 on 40 levels: calipso_mol_backscatter (2357)
   1    0.166686E-06
   2    0.195160E-06
   3    0.195160E-06
   4    0.213965E-06
   5    0.234929E-06
   6    0.234929E-06
   7    0.275818E-06
   8    0.278733E-06
   9    0.305940E-06
  10    0.327224E-06
  11    0.344083E-06
  12    0.379405E-06
  13    0.389518E-06
  14    0.432295E-06
  15    0.439570E-06
  16    0.480507E-06
  17    0.489957E-06
  18    0.527690E-06
  19    0.543822E-06
  20    0.575365E-06
  21    0.601650E-06
  22    0.621947E-06
  23    0.662066E-06
  24    0.680023E-06
  25    0.712410E-06
  26    0.746013E-06
  27    0.770791E-06
  28    0.799783E-06
  29    0.841204E-06
  30    0.871524E-06
  31    0.903939E-06
  32    0.937305E-06
  33    0.972176E-06
  34    0.100996E-05
  35    0.104880E-05
  36    0.108953E-05
  37    0.112504E-05
  38    0.115705E-05
  39    0.118974E-05
  40   -0.100000E+21
 on model levels: calipso+cloudsat cloud (2358)
   1    0.000000E+00
   2    0.000000E+00
   3    0.000000E+00
   4    0.000000E+00
   5    0.000000E+00
   6    0.000000E+00
   7    0.000000E+00
   8    0.000000E+00
   9    0.000000E+00
  10    0.000000E+00
  11    0.000000E+00
  12    0.000000E+00
  13    0.000000E+00
  14    0.000000E+00
  15    0.000000E+00
  16    0.000000E+00
  17    0.000000E+00
  18    0.000000E+00
  19    0.000000E+00
  20    0.000000E+00
  21    0.000000E+00
  22    0.000000E+00
  23    0.000000E+00
  24    0.000000E+00
  25    0.000000E+00
  26    0.000000E+00
  27    0.000000E+00
  28    0.000000E+00
  29    0.000000E+00
  30    0.000000E+00
  31    0.000000E+00
  32    0.000000E+00
  33    0.000000E+00
  34    0.000000E+00
  35    0.000000E+00
  36    0.000000E+00
  37    0.000000E+00
  38    0.000000E+00
 on 40 levels: calipso+cloudsat cloud (2359)
   1    0.000000E+00
   2    0.000000E+00
   3    0.000000E+00
   4    0.000000E+00
   5    0.000000E+00
   6    0.000000E+00
   7    0.000000E+00
   8    0.000000E+00
   9    0.000000E+00
  10    0.000000E+00
  11    0.000000E+00
  12    0.000000E+00
  13    0.000000E+00
  14    0.000000E+00
  15    0.000000E+00
  16    0.000000E+00
  17    0.000000E+00
  18    0.000000E+00
  19    0.000000E+00
  20    0.000000E+00
  21    0.000000E+00
  22    0.000000E+00
  23    0.000000E+00
  24    0.000000E+00
  25    0.000000E+00
  26    0.000000E+00
  27    0.000000E+00
  28    0.000000E+00
  29    0.000000E+00
  30    0.000000E+00
  31    0.000000E+00
  32    0.000000E+00
  33    0.000000E+00
  34    0.000000E+00
  35    0.000000E+00
  36    0.000000E+00
  37    0.000000E+00
  38    0.000000E+00
  39    0.000000E+00
  40    0.000000E+00
 on 40 levels: calipso cloud area (2371)
           1   0.0000000000000000     
           2   0.0000000000000000     
           3   0.0000000000000000     
           4   0.0000000000000000     
           5   0.0000000000000000     
           6   0.0000000000000000     
           7   0.0000000000000000     
           8   0.0000000000000000     
           9   0.0000000000000000     
          10   0.0000000000000000     
          11   0.0000000000000000     
          12   0.0000000000000000     
          13   0.0000000000000000     
          14   0.0000000000000000     
          15   0.0000000000000000     
          16   0.0000000000000000     
          17   0.0000000000000000     
          18   0.0000000000000000     
          19   0.0000000000000000     
          20   0.0000000000000000     
          21   0.0000000000000000     
          22   0.0000000000000000     
          23   0.0000000000000000     
          24   0.0000000000000000     
          25   0.0000000000000000     
          26   0.0000000000000000     
          27   0.0000000000000000     
          28   0.0000000000000000     
          29   0.0000000000000000     
          30   0.0000000000000000     
          31   0.0000000000000000     
          32   0.0000000000000000     
          33   0.0000000000000000     
          34   0.0000000000000000     
          35   0.0000000000000000     
          36   0.0000000000000000     
          37   0.0000000000000000     
          38   0.0000000000000000     
          39   0.0000000000000000     
          40  -1.0000000150474662E+028
 on 40 levels: cloudsat cfad ze (2372)
   1  0.0  0.0  0.0  0.0  0.0  0.0  0.0  0.0  0.0  0.0  0.0  0.0  0.0  0.0  0.0
   2  0.0  0.0  0.0  0.0  0.0  0.0  0.0  0.0  0.0  0.0  0.0  0.0  0.0  0.0  0.0
   3  0.0  0.0  0.0  0.0  0.0  0.0  0.0  0.0  0.0  0.0  0.0  0.0  0.0  0.0  0.0
   4  0.0  0.0  0.0  0.0  0.0  0.0  0.0  0.0  0.0  0.0  0.0  0.0  0.0  0.0  0.0
   5  0.0  0.0  0.0  0.0  0.0  0.0  0.0  0.0  0.0  0.0  0.0  0.0  0.0  0.0  0.0
   6  0.0  0.0  0.0  0.0  0.0  0.0  0.0  0.0  0.0  0.0  0.0  0.0  0.0  0.0  0.0
   7  0.0  0.0  0.0  0.0  0.0  0.0  0.0  0.0  0.0  0.0  0.0  0.0  0.0  0.0  0.0
   8  0.0  0.0  0.0  0.0  0.0  0.0  0.0  0.0  0.0  0.0  0.0  0.0  0.0  0.0  0.0
   9  0.0  0.0  0.0  0.0  0.0  0.0  0.0  0.0  0.0  0.0  0.0  0.0  0.0  0.0  0.0
  10  0.0  0.0  0.0  0.0  0.0  0.0  0.0  0.0  0.0  0.0  0.0  0.0  0.0  0.0  0.0
  11  0.0  0.0  0.0  0.0  0.0  0.0  0.0  0.0  0.0  0.0  0.0  0.0  0.0  0.0  0.0
  12  0.0  0.0  0.0  0.0  0.0  0.0  0.0  0.0  0.0  0.0  0.0  0.0  0.0  0.0  0.0
  13  0.0  0.0  0.0  0.0  0.0  0.0  0.0  0.0  0.0  0.0  0.0  0.0  0.0  0.0  0.0
  14  0.0  0.0  0.0  0.0  0.0  0.0  0.0  0.0  0.0  0.0  0.0  0.0  0.0  0.0  0.0
  15  0.0  0.0  0.0  0.0  0.0  0.0  0.0  0.0  0.0  0.0  0.0  0.0  0.0  0.0  0.0
  16  0.0  0.0  0.0  0.0  0.0  0.0  0.0  0.0  0.0  0.0  0.0  0.0  0.0  0.0  0.0
  17  0.0  0.0  0.0  0.0  0.0  0.0  0.0  0.0  0.0  0.0  0.0  0.0  0.0  0.0  0.0
  18  0.0  0.0  0.0  0.0  0.0  0.0  0.0  0.0  0.0  0.0  0.0  0.0  0.0  0.0  0.0
  19  0.0  0.0  0.0  0.0  0.0  0.0  0.0  0.0  0.0  0.0  0.0  0.0  0.0  0.0  0.0
  20  0.0  0.0  0.0  0.0  0.0  0.0  0.0  0.0  0.0  0.0  0.0  0.0  0.0  0.0  0.0
  21  0.0  0.0  0.0  0.0  0.0  0.0  0.0  0.0  0.0  0.0  0.0  0.0  0.0  0.0  0.0
  22  0.0  0.0  0.0  0.0  0.0  0.0  0.0  0.0  0.0  0.0  0.0  0.0  0.0  0.0  0.0
  23  0.0  0.0  0.0  0.0  0.0  0.0  0.0  0.0  0.0  0.0  0.0  0.0  0.0  0.0  0.0
  24  0.0  0.0  0.0  0.0  0.0  0.0  0.0  0.0  0.0  0.0  0.0  0.0  0.0  0.0  0.0
  25  0.0  0.0  0.0  0.0  0.0  0.0  0.0  0.0  0.0  0.0  0.0  0.0  0.0  0.0  0.0
  26  0.0  0.0  0.0  0.0  0.0  0.0  0.0  0.0  0.0  0.0  0.0  0.0  0.0  0.0  0.0
  27  0.0  0.0  0.0  0.0  0.0  0.0  0.0  0.0  0.0  0.0  0.0  0.0  0.0  0.0  0.0
  28  0.0  0.0  0.0  0.0  0.0  0.0  0.0  0.0  0.0  0.0  0.0  0.0  0.0  0.0  0.0
  29  0.0  0.0  0.0  0.0  0.0  0.0  0.0  0.0  0.0  0.0  0.0  0.0  0.0  0.0  0.0
  30  0.0  0.0  0.0  0.0  0.0  0.0  0.0  0.0  0.0  0.0  0.0  0.0  0.0  0.0  0.0
  31  0.0  0.0  0.0  0.0  0.0  0.0  0.0  0.0  0.0  0.0  0.0  0.0  0.0  0.0  0.0
  32  0.0  0.0  0.0  0.0  0.0  0.0  0.0  0.0  0.0  0.0  0.0  0.0  0.0  0.0  0.0
  33  0.0  0.0  0.0  0.0  0.0  0.0  0.0  0.0  0.0  0.0  0.0  0.0  0.0  0.0  0.0
  34  0.0  0.0  0.0  0.0  0.0  0.0  0.0  0.0  0.0  0.0  0.0  0.0  0.0  0.0  0.0
  35  0.0  0.0  0.0  0.0  0.0  0.0  0.0  0.0  0.0  0.0  0.0  0.0  0.0  0.0  0.0
  36  0.0  0.0  0.0  0.0  0.0  0.0  0.0  0.0  0.0  0.0  0.0  0.0  0.0  0.0  0.0
  37  0.0  0.0  0.0  0.0  0.0  0.0  0.0  0.0  0.0  0.0  0.0  0.0  0.0  0.0  0.0
  38  0.0  0.0  0.0  0.0  0.0  0.0  0.0  0.0  0.0  0.0  0.0  0.0  0.0  0.0  0.0
  39  0.0  0.0  0.0  0.0  0.0  0.0  0.0  0.0  0.0  0.0  0.0  0.0  0.0  0.0  0.0
  40***************************************************************************
 profile:           81
 cloud_weights (2330)
   1.0000000000000000     
 ctp_tau_histogram (2337)
  0.0  0.0  0.0  1.0  0.0  0.0  0.0
  0.0  0.0  0.0  0.0  0.0  0.0  0.0
  0.0  0.0  0.0  0.0  0.0  0.0  0.0
  0.0  0.0  0.0  0.0  0.0  0.0  0.0
  0.0  0.0  0.0  0.0  0.0  0.0  0.0
  0.0  0.0  0.0  0.0  0.0  0.0  0.0
  0.0  0.0  0.0  0.0  0.0  0.0  0.0
 calipso_tot_backscatter (2341)
   1    0.607694E-10
   2    0.937368E-10
   3    0.360452E-09
   4    0.365667E-09
   5    0.524628E-09
   6    0.737153E-09
   7    0.128483E-08
   8    0.876211E-09
   9    0.294871E-09
  10    0.632855E-09
  11    0.490567E-10
  12    0.126626E-09
  13    0.505133E-10
  14    0.440802E-10
  15    0.419146E-10
  16    0.395686E-10
  17    0.139704E-06
  18    0.115718E-06
  19    0.331777E-08
  20    0.309184E-08
  21    0.140185E-04
  22    0.179952E-06
  23    0.247639E-04
  24    0.427185E-06
  25    0.366214E-06
  26    0.313799E-06
  27    0.267944E-06
  28    0.226969E-06
  29    0.190382E-06
  30    0.157164E-06
  31    0.126915E-06
  32    0.100392E-06
  33    0.771067E-07
  34    0.574553E-07
  35    0.410318E-07
  36    0.272061E-07
  37    0.154017E-07
  38    0.602246E-08
 low/mid/high-level cloud mask/value (2321-2323, 2344-2346)
  0.0  0.0  1.0  0.0  1.0  1.0
 on 40 levels: 
 cf mask/liq/ice/undet and cfad_sr_backscatter_bins (2325, 2473-2475 and 2370)
   1  1.0  0.0  0.0  0.0  0.0  1.0  0.0  0.0  0.0  0.0  0.0  0.0  0.0  0.0  0.0  0.0  0.0  0.0  0.0
   2  1.0  0.0  0.0  0.0  0.0  1.0  0.0  0.0  0.0  0.0  0.0  0.0  0.0  0.0  0.0  0.0  0.0  0.0  0.0
   3  1.0  0.0  0.0  0.0  0.0  1.0  0.0  0.0  0.0  0.0  0.0  0.0  0.0  0.0  0.0  0.0  0.0  0.0  0.0
   4  1.0  0.0  0.0  0.0  0.0  1.0  0.0  0.0  0.0  0.0  0.0  0.0  0.0  0.0  0.0  0.0  0.0  0.0  0.0
   5  1.0  0.0  0.0  0.0  0.0  1.0  0.0  0.0  0.0  0.0  0.0  0.0  0.0  0.0  0.0  0.0  0.0  0.0  0.0
   6  1.0  0.0  0.0  0.0  0.0  1.0  0.0  0.0  0.0  0.0  0.0  0.0  0.0  0.0  0.0  0.0  0.0  0.0  0.0
   7  1.0  0.0  0.0  0.0  0.0  1.0  0.0  0.0  0.0  0.0  0.0  0.0  0.0  0.0  0.0  0.0  0.0  0.0  0.0
   8  1.0  0.0  0.0  0.0  0.0  1.0  0.0  0.0  0.0  0.0  0.0  0.0  0.0  0.0  0.0  0.0  0.0  0.0  0.0
   9  1.0  0.0  0.0  0.0  0.0  1.0  0.0  0.0  0.0  0.0  0.0  0.0  0.0  0.0  0.0  0.0  0.0  0.0  0.0
  10  1.0  0.0  0.0  0.0  0.0  1.0  0.0  0.0  0.0  0.0  0.0  0.0  0.0  0.0  0.0  0.0  0.0  0.0  0.0
  11  1.0  0.0  0.0  0.0  0.0  1.0  0.0  0.0  0.0  0.0  0.0  0.0  0.0  0.0  0.0  0.0  0.0  0.0  0.0
  12  1.0  0.0  0.0  0.0  0.0  1.0  0.0  0.0  0.0  0.0  0.0  0.0  0.0  0.0  0.0  0.0  0.0  0.0  0.0
  13  1.0  0.0  0.0  0.0  0.0  1.0  0.0  0.0  0.0  0.0  0.0  0.0  0.0  0.0  0.0  0.0  0.0  0.0  0.0
  14  1.0  0.0  0.0  0.0  0.0  1.0  0.0  0.0  0.0  0.0  0.0  0.0  0.0  0.0  0.0  0.0  0.0  0.0  0.0
  15  1.0  0.0  1.0  0.0  0.0  0.0  0.0  0.0  1.0  0.0  0.0  0.0  0.0  0.0  0.0  0.0  0.0  0.0  0.0
  16  1.0  0.0  1.0  0.0  0.0  0.0  0.0  0.0  0.0  0.0  0.0  0.0  0.0  0.0  0.0  0.0  1.0  0.0  0.0
  17  1.0  0.0  1.0  0.0  0.0  0.0  0.0  0.0  0.0  0.0  0.0  0.0  0.0  0.0  0.0  1.0  0.0  0.0  0.0
  18  1.0  0.0  0.0  0.0  0.0  1.0  0.0  0.0  0.0  0.0  0.0  0.0  0.0  0.0  0.0  0.0  0.0  0.0  0.0
  19  1.0  0.0  1.0  0.0  0.0  0.0  0.0  0.0  1.0  0.0  0.0  0.0  0.0  0.0  0.0  0.0  0.0  0.0  0.0
  20  1.0  0.0  1.0  0.0  0.0  0.0  0.0  0.0  0.0  0.0  0.0  0.0  1.0  0.0  0.0  0.0  0.0  0.0  0.0
  21  1.0  0.0  1.0  0.0  0.0  0.0  0.0  0.0  0.0  0.0  1.0  0.0  0.0  0.0  0.0  0.0  0.0  0.0  0.0
  22  0.0  0.0  0.0  0.0  1.0  0.0  0.0  0.0  0.0  0.0  0.0  0.0  0.0  0.0  0.0  0.0  0.0  0.0  0.0
  23  0.0  0.0  0.0  0.0  1.0  0.0  0.0  0.0  0.0  0.0  0.0  0.0  0.0  0.0  0.0  0.0  0.0  0.0  0.0
  24  1.0  0.0  0.0  0.0  0.0  1.0  0.0  0.0  0.0  0.0  0.0  0.0  0.0  0.0  0.0  0.0  0.0  0.0  0.0
  25  1.0  0.0  0.0  0.0  0.0  1.0  0.0  0.0  0.0  0.0  0.0  0.0  0.0  0.0  0.0  0.0  0.0  0.0  0.0
  26  1.0  0.0  0.0  0.0  0.0  1.0  0.0  0.0  0.0  0.0  0.0  0.0  0.0  0.0  0.0  0.0  0.0  0.0  0.0
  27  1.0  0.0  0.0  0.0  0.0  1.0  0.0  0.0  0.0  0.0  0.0  0.0  0.0  0.0  0.0  0.0  0.0  0.0  0.0
  28  0.0  0.0  0.0  0.0  1.0  0.0  0.0  0.0  0.0  0.0  0.0  0.0  0.0  0.0  0.0  0.0  0.0  0.0  0.0
  29  0.0  0.0  0.0  0.0  1.0  0.0  0.0  0.0  0.0  0.0  0.0  0.0  0.0  0.0  0.0  0.0  0.0  0.0  0.0
  30  0.0  0.0  0.0  0.0  1.0  0.0  0.0  0.0  0.0  0.0  0.0  0.0  0.0  0.0  0.0  0.0  0.0  0.0  0.0
  31  0.0  0.0  0.0  0.0  1.0  0.0  0.0  0.0  0.0  0.0  0.0  0.0  0.0  0.0  0.0  0.0  0.0  0.0  0.0
  32  0.0  0.0  0.0  0.0  1.0  0.0  0.0  0.0  0.0  0.0  0.0  0.0  0.0  0.0  0.0  0.0  0.0  0.0  0.0
  33  0.0  0.0  0.0  0.0  1.0  0.0  0.0  0.0  0.0  0.0  0.0  0.0  0.0  0.0  0.0  0.0  0.0  0.0  0.0
  34  0.0  0.0  0.0  0.0  1.0  0.0  0.0  0.0  0.0  0.0  0.0  0.0  0.0  0.0  0.0  0.0  0.0  0.0  0.0
  35  0.0  0.0  0.0  0.0  1.0  0.0  0.0  0.0  0.0  0.0  0.0  0.0  0.0  0.0  0.0  0.0  0.0  0.0  0.0
  36  0.0  0.0  0.0  0.0  1.0  0.0  0.0  0.0  0.0  0.0  0.0  0.0  0.0  0.0  0.0  0.0  0.0  0.0  0.0
  37  0.0  0.0  0.0  0.0  1.0  0.0  0.0  0.0  0.0  0.0  0.0  0.0  0.0  0.0  0.0  0.0  0.0  0.0  0.0
  38  0.0  0.0  0.0  0.0  1.0  0.0  0.0  0.0  0.0  0.0  0.0  0.0  0.0  0.0  0.0  0.0  0.0  0.0  0.0
  39  0.0  0.0  0.0  0.0  1.0  0.0  0.0  0.0  0.0  0.0  0.0  0.0  0.0  0.0  0.0  0.0  0.0  0.0  0.0
  40  0.0  0.0  0.0  0.0  1.0  0.0  0.0  0.0  0.0  0.0  0.0  0.0  0.0  0.0  0.0  0.0  0.0  0.0  0.0
 weighted cloud_albedo (2331)
  0.48309713602066040     
 weighted ctp (2333)
   92685.460937500000     
 weighted total cloud area (2334)
   1.0000000000000000     
 on model levels: calipso_mol_backscatter (2340)
   1    0.122415E-05
   2    0.121973E-05
   3    0.121206E-05
   4    0.119802E-05
   5    0.118191E-05
   6    0.116271E-05
   7    0.114080E-05
   8    0.111380E-05
   9    0.108308E-05
  10    0.105643E-05
  11    0.102173E-05
  12    0.985249E-06
  13    0.941243E-06
  14    0.898198E-06
  15    0.854070E-06
  16    0.806267E-06
  17    0.757774E-06
  18    0.715837E-06
  19    0.667882E-06
  20    0.622818E-06
  21    0.575391E-06
  22    0.529556E-06
  23    0.484255E-06
  24    0.427185E-06
  25    0.366214E-06
  26    0.313799E-06
  27    0.267944E-06
  28    0.226969E-06
  29    0.190382E-06
  30    0.157164E-06
  31    0.126915E-06
  32    0.100392E-06
  33    0.771067E-07
  34    0.574553E-07
  35    0.410318E-07
  36    0.272061E-07
  37    0.154017E-07
  38    0.602246E-08
 on model levels: gbx mean cloudsat ze (2353)
   1    0.000000E+00
   2    0.000000E+00
   3    0.000000E+00
   4    0.000000E+00
   5    0.000000E+00
   6    0.000000E+00
   7    0.000000E+00
   8    0.000000E+00
   9    0.000000E+00
  10    0.000000E+00
  11    0.000000E+00
  12    0.000000E+00
  13    0.000000E+00
  14    0.000000E+00
  15    0.172683E-04
  16    0.447871E-02
  17    0.235095E-02
  18    0.686076E-01
  19    0.354181E+00
  20    0.146299E+00
  21    0.722525E-01
  22    0.875542E+00
  23    0.384327E+00
  24    0.131208E+01
  25    0.297540E+01
  26    0.215233E+01
  27    0.158477E+01
  28    0.312077E+02
  29    0.216018E+02
  30    0.148447E+02
  31    0.105837E+02
  32    0.779279E+01
  33    0.581372E+01
  34    0.442566E+01
  35    0.343707E+01
  36    0.286235E+01
  37    0.244671E+01
  38    0.239052E+01
 on 40 levels: gbx mean cloudsat ze (2354)
   1    0.160617E+02
   2    0.216018E+02
   3    0.216018E+02
   4    0.257062E+02
   5    0.312077E+02
   6    0.312077E+02
   7    0.194720E+01
   8    0.158477E+01
   9    0.187620E+01
  10    0.215233E+01
  11    0.237392E+01
  12    0.297540E+01
  13    0.261751E+01
  14    0.131208E+01
  15    0.116181E+01
  16    0.384327E+00
  17    0.427312E+00
  18    0.875542E+00
  19    0.475099E+00
  20    0.722525E-01
  21    0.990629E-01
  22    0.146299E+00
  23    0.280218E+00
  24    0.296770E+00
  25    0.686076E-01
  26    0.102046E-01
  27    0.251704E-02
  28    0.447871E-02
  29    0.772301E-04
  30    0.000000E+00
  31    0.000000E+00
  32    0.000000E+00
  33    0.000000E+00
  34    0.000000E+00
  35    0.000000E+00
  36    0.000000E+00
  37    0.000000E+00
  38    0.000000E+00
  39    0.000000E+00
  40    0.000000E+00
 on model levels: gbx mean calipso atb (2355)
   1    0.607694E-10
   2    0.937368E-10
   3    0.360452E-09
   4    0.365667E-09
   5    0.524628E-09
   6    0.737153E-09
   7    0.128483E-08
   8    0.876211E-09
   9    0.294871E-09
  10    0.632855E-09
  11    0.490567E-10
  12    0.126626E-09
  13    0.505133E-10
  14    0.440802E-10
  15    0.419146E-10
  16    0.395686E-10
  17    0.139704E-06
  18    0.115718E-06
  19    0.331777E-08
  20    0.309184E-08
  21    0.140185E-04
  22    0.179952E-06
  23    0.247639E-04
  24    0.427185E-06
  25    0.366214E-06
  26    0.313799E-06
  27    0.267944E-06
  28    0.226969E-06
  29    0.190382E-06
  30    0.157164E-06
  31    0.126915E-06
  32    0.100392E-06
  33    0.771067E-07
  34    0.574553E-07
  35    0.410318E-07
  36    0.272061E-07
  37    0.154017E-07
  38    0.602246E-08
 on 40 levels: gbx mean calipso atb (2356)
   1    0.113090E-08
   2    0.631620E-09
   3    0.190382E-06
   4    0.207682E-06
   5    0.226969E-06
   6    0.226969E-06
   7    0.265112E-06
   8    0.267944E-06
   9    0.293231E-06
  10    0.313799E-06
  11    0.329660E-06
  12    0.366214E-06
  13    0.375758E-06
  14    0.427185E-06
  15    0.283798E-05
  16    0.247639E-04
  17    0.215983E-04
  18    0.179952E-06
  19    0.357108E-05
  20    0.140185E-04
  21    0.774891E-05
  22    0.309184E-08
  23    0.325792E-08
  24    0.154282E-07
  25    0.115718E-06
  26    0.129267E-06
  27    0.124911E-06
  28    0.395686E-10
  29    0.412824E-10
  30    0.428635E-10
  31    0.455505E-10
  32    0.582206E-10
  33    0.122287E-09
  34    0.102919E-09
  35    0.561898E-09
  36    0.532469E-09
  37    0.113090E-08
  38    0.631620E-09
  39    0.282924E-09
  40    0.607694E-10
 on 40 levels: calipso_mol_backscatter (2357)
   1    0.164141E-06
   2    0.190382E-06
   3    0.190382E-06
   4    0.207682E-06
   5    0.226969E-06
   6    0.226969E-06
   7    0.265112E-06
   8    0.267944E-06
   9    0.293231E-06
  10    0.313799E-06
  11    0.329660E-06
  12    0.366214E-06
  13    0.375758E-06
  14    0.427185E-06
  15    0.432838E-06
  16    0.484255E-06
  17    0.490088E-06
  18    0.529556E-06
  19    0.540788E-06
  20    0.575391E-06
  21    0.596607E-06
  22    0.622818E-06
  23    0.655943E-06
  24    0.673049E-06
  25    0.715837E-06
  26    0.739525E-06
  27    0.762910E-06
  28    0.806267E-06
  29    0.841188E-06
  30    0.873407E-06
  31    0.908036E-06
  32    0.945699E-06
  33    0.987289E-06
  34    0.102493E-05
  35    0.106202E-05
  36    0.109564E-05
  37    0.113345E-05
  38    0.117226E-05
  39    0.120907E-05
  40    0.122415E-05
 on model levels: calipso+cloudsat cloud (2358)
   1    0.000000E+00
   2    0.000000E+00
   3    0.000000E+00
   4    0.000000E+00
   5    0.000000E+00
   6    0.000000E+00
   7    0.000000E+00
   8    0.000000E+00
   9    0.000000E+00
  10    0.000000E+00
  11    0.000000E+00
  12    0.000000E+00
  13    0.000000E+00
  14    0.000000E+00
  15    0.000000E+00
  16    0.100000E+01
  17    0.100000E+01
  18    0.100000E+01
  19    0.100000E+01
  20    0.100000E+01
  21    0.100000E+01
  22    0.100000E+01
  23    0.100000E+01
  24    0.100000E+01
  25    0.100000E+01
  26    0.100000E+01
  27    0.100000E+01
  28    0.100000E+01
  29    0.100000E+01
  30    0.100000E+01
  31    0.100000E+01
  32    0.100000E+01
  33    0.100000E+01
  34    0.100000E+01
  35    0.100000E+01
  36    0.100000E+01
  37    0.100000E+01
  38    0.100000E+01
 on 40 levels: calipso+cloudsat cloud (2359)
   1    0.100000E+01
   2    0.100000E+01
   3    0.100000E+01
   4    0.100000E+01
   5    0.100000E+01
   6    0.100000E+01
   7    0.100000E+01
   8    0.100000E+01
   9    0.100000E+01
  10    0.100000E+01
  11    0.100000E+01
  12    0.100000E+01
  13    0.100000E+01
  14    0.100000E+01
  15    0.100000E+01
  16    0.100000E+01
  17    0.100000E+01
  18    0.100000E+01
  19    0.100000E+01
  20    0.100000E+01
  21    0.100000E+01
  22    0.100000E+01
  23    0.100000E+01
  24    0.100000E+01
  25    0.100000E+01
  26    0.100000E+01
  27    0.100000E+01
  28    0.100000E+01
  29    0.000000E+00
  30    0.000000E+00
  31    0.000000E+00
  32    0.000000E+00
  33    0.000000E+00
  34    0.000000E+00
  35    0.000000E+00
  36    0.000000E+00
  37    0.000000E+00
  38    0.000000E+00
  39    0.000000E+00
  40    0.000000E+00
 on 40 levels: calipso cloud area (2371)
           1   0.0000000000000000     
           2   0.0000000000000000     
           3   0.0000000000000000     
           4   0.0000000000000000     
           5   0.0000000000000000     
           6   0.0000000000000000     
           7   0.0000000000000000     
           8   0.0000000000000000     
           9   0.0000000000000000     
          10   0.0000000000000000     
          11   0.0000000000000000     
          12   0.0000000000000000     
          13   0.0000000000000000     
          14   0.0000000000000000     
          15   1.0000000000000000     
          16   1.0000000000000000     
          17   1.0000000000000000     
          18   0.0000000000000000     
          19   1.0000000000000000     
          20   1.0000000000000000     
          21   1.0000000000000000     
          22  -1.0000000150474662E+028
          23  -1.0000000150474662E+028
          24   0.0000000000000000     
          25   0.0000000000000000     
          26   0.0000000000000000     
          27   0.0000000000000000     
          28  -1.0000000150474662E+028
          29  -1.0000000150474662E+028
          30  -1.0000000150474662E+028
          31  -1.0000000150474662E+028
          32  -1.0000000150474662E+028
          33  -1.0000000150474662E+028
          34  -1.0000000150474662E+028
          35  -1.0000000150474662E+028
          36  -1.0000000150474662E+028
          37  -1.0000000150474662E+028
          38  -1.0000000150474662E+028
          39  -1.0000000150474662E+028
          40  -1.0000000150474662E+028
 on 40 levels: cloudsat cfad ze (2372)
   1  0.0  0.0  0.0  0.0  0.0  0.0  0.0  0.0  0.0  0.0  0.0  0.0  0.0  0.0  0.0
   2  0.0  0.0  0.0  0.0  0.0  0.0  0.0  0.0  0.0  0.0  0.0  0.0  0.0  0.0  0.0
   3  0.0  0.0  0.0  0.0  0.0  0.0  0.0  0.0  0.0  0.0  0.0  0.0  0.0  0.0  0.0
   4  0.0  0.0  0.0  0.0  0.0  0.0  0.0  0.0  0.0  0.0  0.0  0.0  0.0  0.0  0.0
   5  0.0  0.0  0.0  0.0  0.0  0.0  0.0  0.0  0.0  0.0  0.0  0.0  0.0  0.0  0.0
   6  0.0  0.0  0.0  0.0  0.0  0.0  0.0  0.0  0.0  0.0  0.0  0.0  0.0  0.0  0.0
   7  0.0  0.0  0.0  0.0  0.0  0.0  0.0  0.0  0.0  0.0  0.0  0.0  0.0  0.0  0.0
   8  0.0  0.0  0.0  0.0  0.0  0.0  0.0  0.0  0.0  0.0  0.0  0.0  0.0  0.0  0.0
   9  0.0  0.0  0.0  0.0  0.0  0.0  0.0  0.0  0.0  0.0  0.0  0.0  0.0  0.0  0.0
  10  0.0  0.0  0.0  0.0  0.0  0.0  0.0  0.0  0.0  0.0  0.0  0.0  0.0  0.0  0.0
  11  0.0  0.0  0.0  0.0  0.0  0.0  0.0  0.0  0.0  0.0  0.0  0.0  0.0  0.0  0.0
  12  0.0  0.0  0.0  0.0  0.0  0.0  0.0  0.0  0.0  0.0  0.0  0.0  0.0  0.0  0.0
  13  1.0  0.0  0.0  0.0  0.0  0.0  0.0  0.0  0.0  0.0  0.0  0.0  0.0  0.0  0.0
  14  1.0  0.0  0.0  0.0  0.0  0.0  0.0  0.0  0.0  0.0  0.0  0.0  0.0  0.0  0.0
  15  0.0  0.0  0.0  1.0  0.0  0.0  0.0  0.0  0.0  0.0  0.0  0.0  0.0  0.0  0.0
  16  0.0  0.0  0.0  0.0  0.0  1.0  0.0  0.0  0.0  0.0  0.0  0.0  0.0  0.0  0.0
  17  0.0  0.0  0.0  0.0  0.0  1.0  0.0  0.0  0.0  0.0  0.0  0.0  0.0  0.0  0.0
  18  0.0  0.0  0.0  0.0  1.0  0.0  0.0  0.0  0.0  0.0  0.0  0.0  0.0  0.0  0.0
  19  0.0  0.0  0.0  0.0  0.0  0.0  1.0  0.0  0.0  0.0  0.0  0.0  0.0  0.0  0.0
  20  0.0  0.0  0.0  0.0  0.0  0.0  0.0  1.0  0.0  0.0  0.0  0.0  0.0  0.0  0.0
  21  0.0  0.0  0.0  0.0  0.0  0.0  0.0  0.0  1.0  0.0  0.0  0.0  0.0  0.0  0.0
  22  0.0  0.0  0.0  0.0  0.0  0.0  0.0  0.0  0.0  1.0  0.0  0.0  0.0  0.0  0.0
  23  0.0  0.0  0.0  0.0  0.0  0.0  0.0  0.0  1.0  0.0  0.0  0.0  0.0  0.0  0.0
  24  0.0  0.0  0.0  0.0  0.0  0.0  0.0  0.0  1.0  0.0  0.0  0.0  0.0  0.0  0.0
  25  0.0  0.0  0.0  0.0  0.0  0.0  0.0  1.0  0.0  0.0  0.0  0.0  0.0  0.0  0.0
  26  0.0  0.0  0.0  0.0  0.0  0.0  0.0  0.0  0.0  1.0  0.0  0.0  0.0  0.0  0.0
  27  0.0  0.0  0.0  0.0  0.0  0.0  0.0  0.0  0.0  1.0  0.0  0.0  0.0  0.0  0.0
  28  0.0  0.0  0.0  0.0  0.0  0.0  0.0  0.0  0.0  1.0  0.0  0.0  0.0  0.0  0.0
  29  0.0  0.0  0.0  0.0  0.0  0.0  0.0  0.0  0.0  0.0  1.0  0.0  0.0  0.0  0.0
  30  0.0  0.0  0.0  0.0  0.0  0.0  0.0  0.0  0.0  0.0  1.0  0.0  0.0  0.0  0.0
  31  0.0  0.0  0.0  0.0  0.0  0.0  0.0  0.0  0.0  0.0  1.0  0.0  0.0  0.0  0.0
  32  0.0  0.0  0.0  0.0  0.0  0.0  0.0  0.0  0.0  0.0  1.0  0.0  0.0  0.0  0.0
  33  0.0  0.0  0.0  0.0  0.0  0.0  0.0  0.0  0.0  0.0  0.0  1.0  0.0  0.0  0.0
  34  0.0  0.0  0.0  0.0  0.0  0.0  0.0  0.0  0.0  0.0  0.0  0.0  1.0  0.0  0.0
  35  0.0  0.0  0.0  0.0  0.0  0.0  0.0  0.0  0.0  0.0  0.0  0.0  1.0  0.0  0.0
  36  0.0  0.0  0.0  0.0  0.0  0.0  0.0  0.0  0.0  0.0  0.0  0.0  1.0  0.0  0.0
  37  0.0  0.0  0.0  0.0  0.0  0.0  0.0  0.0  0.0  0.0  0.0  1.0  0.0  0.0  0.0
  38  0.0  0.0  0.0  0.0  0.0  0.0  0.0  0.0  0.0  0.0  0.0  1.0  0.0  0.0  0.0
  39  0.0  0.0  0.0  0.0  0.0  0.0  0.0  0.0  0.0  0.0  1.0  0.0  0.0  0.0  0.0
  40  0.0  0.0  0.0  0.0  0.0  0.0  0.0  0.0  0.0  0.0  1.0  0.0  0.0  0.0  0.0
 profile:           91
 cloud_weights (2330)
   1.0000000000000000     
 ctp_tau_histogram (2337)
  0.0  0.0  0.0  0.0  0.0  0.0  0.0
  1.0  0.0  0.0  0.0  0.0  0.0  0.0
  0.0  0.0  0.0  0.0  0.0  0.0  0.0
  0.0  0.0  0.0  0.0  0.0  0.0  0.0
  0.0  0.0  0.0  0.0  0.0  0.0  0.0
  0.0  0.0  0.0  0.0  0.0  0.0  0.0
  0.0  0.0  0.0  0.0  0.0  0.0  0.0
 calipso_tot_backscatter (2341)
   1    0.116337E-05
   2    0.114855E-05
   3    0.113154E-05
   4    0.111689E-05
   5    0.110164E-05
   6    0.108528E-05
   7    0.106727E-05
   8    0.104708E-05
   9    0.102439E-05
  10    0.999205E-06
  11    0.971223E-06
  12    0.940323E-06
  13    0.904780E-06
  14    0.865089E-06
  15    0.823291E-06
  16    0.780857E-06
  17    0.738539E-06
  18    0.695124E-06
  19    0.652769E-06
  20    0.610450E-06
  21    0.567578E-06
  22    0.522730E-06
  23    0.476895E-06
  24    0.427657E-06
  25    0.374500E-06
  26    0.322208E-06
  27    0.274185E-06
  28    0.231640E-06
  29    0.192661E-06
  30    0.157392E-06
  31    0.126986E-06
  32    0.100427E-06
  33    0.772028E-07
  34    0.576373E-07
  35    0.411902E-07
  36    0.272499E-07
  37    0.153821E-07
  38    0.604959E-08
 low/mid/high-level cloud mask/value (2321-2323, 2344-2346)
  1.0  0.0  1.0  0.0  1.0  0.0
 on 40 levels: 
 cf mask/liq/ice/undet and cfad_sr_backscatter_bins (2325, 2473-2475 and 2370)
   1  1.0  0.0  0.0  0.0  0.0  1.0  0.0  0.0  0.0  0.0  0.0  0.0  0.0  0.0  0.0  0.0  0.0  0.0  0.0
   2  1.0  0.0  0.0  0.0  0.0  1.0  0.0  0.0  0.0  0.0  0.0  0.0  0.0  0.0  0.0  0.0  0.0  0.0  0.0
   3  1.0  0.0  0.0  0.0  0.0  1.0  0.0  0.0  0.0  0.0  0.0  0.0  0.0  0.0  0.0  0.0  0.0  0.0  0.0
   4  1.0  0.0  0.0  0.0  0.0  1.0  0.0  0.0  0.0  0.0  0.0  0.0  0.0  0.0  0.0  0.0  0.0  0.0  0.0
   5  1.0  0.0  0.0  0.0  0.0  1.0  0.0  0.0  0.0  0.0  0.0  0.0  0.0  0.0  0.0  0.0  0.0  0.0  0.0
   6  1.0  0.0  0.0  0.0  0.0  1.0  0.0  0.0  0.0  0.0  0.0  0.0  0.0  0.0  0.0  0.0  0.0  0.0  0.0
   7  1.0  0.0  0.0  0.0  0.0  1.0  0.0  0.0  0.0  0.0  0.0  0.0  0.0  0.0  0.0  0.0  0.0  0.0  0.0
   8  1.0  0.0  0.0  0.0  0.0  1.0  0.0  0.0  0.0  0.0  0.0  0.0  0.0  0.0  0.0  0.0  0.0  0.0  0.0
   9  1.0  0.0  0.0  0.0  0.0  1.0  0.0  0.0  0.0  0.0  0.0  0.0  0.0  0.0  0.0  0.0  0.0  0.0  0.0
  10  1.0  0.0  0.0  0.0  0.0  1.0  0.0  0.0  0.0  0.0  0.0  0.0  0.0  0.0  0.0  0.0  0.0  0.0  0.0
  11  1.0  0.0  0.0  0.0  0.0  1.0  0.0  0.0  0.0  0.0  0.0  0.0  0.0  0.0  0.0  0.0  0.0  0.0  0.0
  12  1.0  0.0  0.0  0.0  0.0  1.0  0.0  0.0  0.0  0.0  0.0  0.0  0.0  0.0  0.0  0.0  0.0  0.0  0.0
  13  1.0  0.0  0.0  0.0  0.0  1.0  0.0  0.0  0.0  0.0  0.0  0.0  0.0  0.0  0.0  0.0  0.0  0.0  0.0
  14  1.0  0.0  0.0  0.0  0.0  1.0  0.0  0.0  0.0  0.0  0.0  0.0  0.0  0.0  0.0  0.0  0.0  0.0  0.0
  15  1.0  0.0  0.0  0.0  0.0  1.0  0.0  0.0  0.0  0.0  0.0  0.0  0.0  0.0  0.0  0.0  0.0  0.0  0.0
  16  1.0  0.0  0.0  0.0  0.0  1.0  0.0  0.0  0.0  0.0  0.0  0.0  0.0  0.0  0.0  0.0  0.0  0.0  0.0
  17  1.0  0.0  0.0  0.0  0.0  1.0  0.0  0.0  0.0  0.0  0.0  0.0  0.0  0.0  0.0  0.0  0.0  0.0  0.0
  18  1.0  0.0  0.0  0.0  0.0  1.0  0.0  0.0  0.0  0.0  0.0  0.0  0.0  0.0  0.0  0.0  0.0  0.0  0.0
  19  1.0  0.0  0.0  0.0  0.0  1.0  0.0  0.0  0.0  0.0  0.0  0.0  0.0  0.0  0.0  0.0  0.0  0.0  0.0
  20  1.0  0.0  0.0  0.0  0.0  1.0  0.0  0.0  0.0  0.0  0.0  0.0  0.0  0.0  0.0  0.0  0.0  0.0  0.0
  21  1.0  0.0  0.0  0.0  0.0  1.0  0.0  0.0  0.0  0.0  0.0  0.0  0.0  0.0  0.0  0.0  0.0  0.0  0.0
  22  1.0  0.0  0.0  0.0  0.0  1.0  0.0  0.0  0.0  0.0  0.0  0.0  0.0  0.0  0.0  0.0  0.0  0.0  0.0
  23  1.0  0.0  0.0  0.0  0.0  1.0  0.0  0.0  0.0  0.0  0.0  0.0  0.0  0.0  0.0  0.0  0.0  0.0  0.0
  24  1.0  0.0  0.0  0.0  0.0  1.0  0.0  0.0  0.0  0.0  0.0  0.0  0.0  0.0  0.0  0.0  0.0  0.0  0.0
  25  1.0  0.0  0.0  0.0  0.0  1.0  0.0  0.0  0.0  0.0  0.0  0.0  0.0  0.0  0.0  0.0  0.0  0.0  0.0
  26  1.0  0.0  0.0  0.0  0.0  1.0  0.0  0.0  0.0  0.0  0.0  0.0  0.0  0.0  0.0  0.0  0.0  0.0  0.0
  27  1.0  0.0  0.0  0.0  0.0  1.0  0.0  0.0  0.0  0.0  0.0  0.0  0.0  0.0  0.0  0.0  0.0  0.0  0.0
  28  1.0  0.0  0.0  0.0  0.0  1.0  0.0  0.0  0.0  0.0  0.0  0.0  0.0  0.0  0.0  0.0  0.0  0.0  0.0
  29  1.0  0.0  0.0  0.0  0.0  1.0  0.0  0.0  0.0  0.0  0.0  0.0  0.0  0.0  0.0  0.0  0.0  0.0  0.0
  30  1.0  0.0  0.0  0.0  0.0  1.0  0.0  0.0  0.0  0.0  0.0  0.0  0.0  0.0  0.0  0.0  0.0  0.0  0.0
  31  1.0  0.0  0.0  0.0  0.0  1.0  0.0  0.0  0.0  0.0  0.0  0.0  0.0  0.0  0.0  0.0  0.0  0.0  0.0
  32  1.0  0.0  0.0  0.0  0.0  1.0  0.0  0.0  0.0  0.0  0.0  0.0  0.0  0.0  0.0  0.0  0.0  0.0  0.0
  33  1.0  0.0  0.0  0.0  0.0  1.0  0.0  0.0  0.0  0.0  0.0  0.0  0.0  0.0  0.0  0.0  0.0  0.0  0.0
  34  1.0  0.0  0.0  0.0  0.0  1.0  0.0  0.0  0.0  0.0  0.0  0.0  0.0  0.0  0.0  0.0  0.0  0.0  0.0
  35  1.0  0.0  0.0  0.0  0.0  1.0  0.0  0.0  0.0  0.0  0.0  0.0  0.0  0.0  0.0  0.0  0.0  0.0  0.0
  36  1.0  0.0  0.0  0.0  0.0  1.0  0.0  0.0  0.0  0.0  0.0  0.0  0.0  0.0  0.0  0.0  0.0  0.0  0.0
  37  1.0  0.0  0.0  0.0  0.0  1.0  0.0  0.0  0.0  0.0  0.0  0.0  0.0  0.0  0.0  0.0  0.0  0.0  0.0
  38  1.0  0.0  0.0  0.0  0.0  1.0  0.0  0.0  0.0  0.0  0.0  0.0  0.0  0.0  0.0  0.0  0.0  0.0  0.0
  39  0.0  0.0  0.0  0.0  0.0  0.0  0.0  0.0  0.0  0.0  0.0  0.0  0.0  0.0  0.0  0.0  0.0  0.0  0.0
  40  0.0  0.0  0.0  0.0  0.0  0.0  0.0  0.0  0.0  0.0  0.0  0.0  0.0  0.0  0.0  0.0  0.0  0.0  0.0
 weighted cloud_albedo (2331)
  -0.0000000000000000     
 weighted ctp (2333)
  -0.0000000000000000     
 weighted total cloud area (2334)
   0.0000000000000000     
 on model levels: calipso_mol_backscatter (2340)
   1    0.116337E-05
   2    0.114855E-05
   3    0.113154E-05
   4    0.111689E-05
   5    0.110164E-05
   6    0.108528E-05
   7    0.106727E-05
   8    0.104708E-05
   9    0.102439E-05
  10    0.999205E-06
  11    0.971223E-06
  12    0.940323E-06
  13    0.904780E-06
  14    0.865089E-06
  15    0.823291E-06
  16    0.780857E-06
  17    0.738539E-06
  18    0.695124E-06
  19    0.652769E-06
  20    0.610450E-06
  21    0.567578E-06
  22    0.522730E-06
  23    0.476895E-06
  24    0.427657E-06
  25    0.374500E-06
  26    0.322208E-06
  27    0.274185E-06
  28    0.231640E-06
  29    0.192661E-06
  30    0.157392E-06
  31    0.126986E-06
  32    0.100427E-06
  33    0.772028E-07
  34    0.576373E-07
  35    0.411902E-07
  36    0.272499E-07
  37    0.153821E-07
  38    0.604959E-08
 on model levels: gbx mean cloudsat ze (2353)
   1    0.000000E+00
   2    0.000000E+00
   3    0.000000E+00
   4    0.000000E+00
   5    0.000000E+00
   6    0.000000E+00
   7    0.000000E+00
   8    0.000000E+00
   9    0.000000E+00
  10    0.000000E+00
  11    0.000000E+00
  12    0.000000E+00
  13    0.000000E+00
  14    0.000000E+00
  15    0.000000E+00
  16    0.263213E-04
  17    0.243975E-03
  18    0.446710E-04
  19    0.743504E-05
  20    0.127634E-05
  21    0.233482E-06
  22    0.454005E-07
  23    0.949152E-08
  24    0.215022E-08
  25    0.512935E-09
  26    0.132827E-09
  27    0.374471E-10
  28    0.120711E-15
  29    0.000000E+00
  30    0.000000E+00
  31    0.000000E+00
  32    0.000000E+00
  33    0.000000E+00
  34    0.000000E+00
  35    0.000000E+00
  36    0.000000E+00
  37    0.000000E+00
  38    0.000000E+00
 on 40 levels: gbx mean cloudsat ze (2354)
   1    0.000000E+00
   2    0.000000E+00
   3    0.000000E+00
   4    0.000000E+00
   5    0.120711E-15
   6    0.120711E-15
   7    0.172874E-10
   8    0.374471E-10
   9    0.781864E-10
  10    0.132826E-09
  11    0.217920E-09
  12    0.512935E-09
  13    0.749435E-09
  14    0.215022E-08
  15    0.316566E-08
  16    0.949152E-08
  17    0.164539E-07
  18    0.454005E-07
  19    0.109173E-06
  20    0.233482E-06
  21    0.926761E-06
  22    0.174413E-05
  23    0.743504E-05
  24    0.230522E-04
  25    0.597809E-04
  26    0.243975E-03
  27    0.413224E-04
  28    0.000000E+00
  29    0.000000E+00
  30    0.000000E+00
  31    0.000000E+00
  32    0.000000E+00
  33    0.000000E+00
  34    0.000000E+00
  35    0.000000E+00
  36    0.000000E+00
  37    0.000000E+00
  38    0.000000E+00
  39    0.000000E+00
  40    0.000000E+00
 on model levels: gbx mean calipso atb (2355)
   1    0.116337E-05
   2    0.114855E-05
   3    0.113154E-05
   4    0.111689E-05
   5    0.110164E-05
   6    0.108528E-05
   7    0.106727E-05
   8    0.104708E-05
   9    0.102439E-05
  10    0.999205E-06
  11    0.971223E-06
  12    0.940323E-06
  13    0.904780E-06
  14    0.865089E-06
  15    0.823291E-06
  16    0.780857E-06
  17    0.738539E-06
  18    0.695124E-06
  19    0.652769E-06
  20    0.610450E-06
  21    0.567578E-06
  22    0.522730E-06
  23    0.476895E-06
  24    0.427657E-06
  25    0.374500E-06
  26    0.322208E-06
  27    0.274185E-06
  28    0.231640E-06
  29    0.192661E-06
  30    0.157392E-06
  31    0.126986E-06
  32    0.100427E-06
  33    0.772028E-07
  34    0.576373E-07
  35    0.411902E-07
  36    0.272499E-07
  37    0.153821E-07
  38    0.604959E-08
 on 40 levels: gbx mean calipso atb (2356)
   1    0.111187E-05
   2    0.114886E-05
   3    0.192661E-06
   4    0.211092E-06
   5    0.231640E-06
   6    0.231640E-06
   7    0.271585E-06
   8    0.274185E-06
   9    0.302108E-06
  10    0.322208E-06
  11    0.341370E-06
  12    0.374500E-06
  13    0.388564E-06
  14    0.427657E-06
  15    0.440484E-06
  16    0.476895E-06
  17    0.493007E-06
  18    0.522730E-06
  19    0.546759E-06
  20    0.567578E-06
  21    0.602372E-06
  22    0.617949E-06
  23    0.652769E-06
  24    0.679497E-06
  25    0.702575E-06
  26    0.738539E-06
  27    0.772285E-06
  28    0.802378E-06
  29    0.835809E-06
  30    0.871963E-06
  31    0.909299E-06
  32    0.945275E-06
  33    0.978821E-06
  34    0.101079E-05
  35    0.104217E-05
  36    0.107594E-05
  37    0.111187E-05
  38    0.114886E-05
  39    0.000000E+00
  40    0.000000E+00
 on 40 levels: calipso_mol_backscatter (2357)
   1    0.164800E-06
   2    0.192661E-06
   3    0.192661E-06
   4    0.211092E-06
   5    0.231640E-06
   6    0.231640E-06
   7    0.271585E-06
   8    0.274185E-06
   9    0.302108E-06
  10    0.322208E-06
  11    0.341370E-06
  12    0.374500E-06
  13    0.388564E-06
  14    0.427657E-06
  15    0.440484E-06
  16    0.476895E-06
  17    0.493007E-06
  18    0.522730E-06
  19    0.546759E-06
  20    0.567578E-06
  21    0.602372E-06
  22    0.617949E-06
  23    0.652769E-06
  24    0.679497E-06
  25    0.702575E-06
  26    0.738539E-06
  27    0.772285E-06
  28    0.802378E-06
  29    0.835809E-06
  30    0.871963E-06
  31    0.909299E-06
  32    0.945275E-06
  33    0.978821E-06
  34    0.101079E-05
  35    0.104217E-05
  36    0.107594E-05
  37    0.111187E-05
  38    0.114886E-05
  39   -0.100000E+21
  40   -0.100000E+21
 on model levels: calipso+cloudsat cloud (2358)
   1    0.000000E+00
   2    0.000000E+00
   3    0.000000E+00
   4    0.000000E+00
   5    0.000000E+00
   6    0.000000E+00
   7    0.000000E+00
   8    0.000000E+00
   9    0.000000E+00
  10    0.000000E+00
  11    0.000000E+00
  12    0.000000E+00
  13    0.000000E+00
  14    0.000000E+00
  15    0.000000E+00
  16    0.000000E+00
  17    0.000000E+00
  18    0.000000E+00
  19    0.000000E+00
  20    0.000000E+00
  21    0.000000E+00
  22    0.000000E+00
  23    0.000000E+00
  24    0.000000E+00
  25    0.000000E+00
  26    0.000000E+00
  27    0.000000E+00
  28    0.000000E+00
  29    0.000000E+00
  30    0.000000E+00
  31    0.000000E+00
  32    0.000000E+00
  33    0.000000E+00
  34    0.000000E+00
  35    0.000000E+00
  36    0.000000E+00
  37    0.000000E+00
  38    0.000000E+00
 on 40 levels: calipso+cloudsat cloud (2359)
   1    0.000000E+00
   2    0.000000E+00
   3    0.000000E+00
   4    0.000000E+00
   5    0.000000E+00
   6    0.000000E+00
   7    0.000000E+00
   8    0.000000E+00
   9    0.000000E+00
  10    0.000000E+00
  11    0.000000E+00
  12    0.000000E+00
  13    0.000000E+00
  14    0.000000E+00
  15    0.000000E+00
  16    0.000000E+00
  17    0.000000E+00
  18    0.000000E+00
  19    0.000000E+00
  20    0.000000E+00
  21    0.000000E+00
  22    0.000000E+00
  23    0.000000E+00
  24    0.000000E+00
  25    0.000000E+00
  26    0.000000E+00
  27    0.000000E+00
  28    0.000000E+00
  29    0.000000E+00
  30    0.000000E+00
  31    0.000000E+00
  32    0.000000E+00
  33    0.000000E+00
  34    0.000000E+00
  35    0.000000E+00
  36    0.000000E+00
  37    0.000000E+00
  38    0.000000E+00
  39    0.000000E+00
  40    0.000000E+00
 on 40 levels: calipso cloud area (2371)
           1   0.0000000000000000     
           2   0.0000000000000000     
           3   0.0000000000000000     
           4   0.0000000000000000     
           5   0.0000000000000000     
           6   0.0000000000000000     
           7   0.0000000000000000     
           8   0.0000000000000000     
           9   0.0000000000000000     
          10   0.0000000000000000     
          11   0.0000000000000000     
          12   0.0000000000000000     
          13   0.0000000000000000     
          14   0.0000000000000000     
          15   0.0000000000000000     
          16   0.0000000000000000     
          17   0.0000000000000000     
          18   0.0000000000000000     
          19   0.0000000000000000     
          20   0.0000000000000000     
          21   0.0000000000000000     
          22   0.0000000000000000     
          23   0.0000000000000000     
          24   0.0000000000000000     
          25   0.0000000000000000     
          26   0.0000000000000000     
          27   0.0000000000000000     
          28   0.0000000000000000     
          29   0.0000000000000000     
          30   0.0000000000000000     
          31   0.0000000000000000     
          32   0.0000000000000000     
          33   0.0000000000000000     
          34   0.0000000000000000     
          35   0.0000000000000000     
          36   0.0000000000000000     
          37   0.0000000000000000     
          38   0.0000000000000000     
          39  -1.0000000150474662E+028
          40  -1.0000000150474662E+028
 on 40 levels: cloudsat cfad ze (2372)
   1  0.0  0.0  0.0  0.0  0.0  0.0  0.0  0.0  0.0  0.0  0.0  0.0  0.0  0.0  0.0
   2  0.0  0.0  0.0  0.0  0.0  0.0  0.0  0.0  0.0  0.0  0.0  0.0  0.0  0.0  0.0
   3  0.0  0.0  0.0  0.0  0.0  0.0  0.0  0.0  0.0  0.0  0.0  0.0  0.0  0.0  0.0
   4  0.0  0.0  0.0  0.0  0.0  0.0  0.0  0.0  0.0  0.0  0.0  0.0  0.0  0.0  0.0
   5  0.0  0.0  0.0  0.0  0.0  0.0  0.0  0.0  0.0  0.0  0.0  0.0  0.0  0.0  0.0
   6  0.0  0.0  0.0  0.0  0.0  0.0  0.0  0.0  0.0  0.0  0.0  0.0  0.0  0.0  0.0
   7  0.0  0.0  0.0  0.0  0.0  0.0  0.0  0.0  0.0  0.0  0.0  0.0  0.0  0.0  0.0
   8  0.0  0.0  0.0  0.0  0.0  0.0  0.0  0.0  0.0  0.0  0.0  0.0  0.0  0.0  0.0
   9  0.0  0.0  0.0  0.0  0.0  0.0  0.0  0.0  0.0  0.0  0.0  0.0  0.0  0.0  0.0
  10  0.0  0.0  0.0  0.0  0.0  0.0  0.0  0.0  0.0  0.0  0.0  0.0  0.0  0.0  0.0
  11  0.0  0.0  0.0  0.0  0.0  0.0  0.0  0.0  0.0  0.0  0.0  0.0  0.0  0.0  0.0
  12  0.0  0.0  0.0  0.0  0.0  0.0  0.0  0.0  0.0  0.0  0.0  0.0  0.0  0.0  0.0
  13  0.0  0.0  0.0  0.0  0.0  0.0  0.0  0.0  0.0  0.0  0.0  0.0  0.0  0.0  0.0
  14  0.0  0.0  0.0  0.0  0.0  0.0  0.0  0.0  0.0  0.0  0.0  0.0  0.0  0.0  0.0
  15  1.0  0.0  0.0  0.0  0.0  0.0  0.0  0.0  0.0  0.0  0.0  0.0  0.0  0.0  0.0
  16  1.0  0.0  0.0  0.0  0.0  0.0  0.0  0.0  0.0  0.0  0.0  0.0  0.0  0.0  0.0
  17  0.0  0.0  1.0  0.0  0.0  0.0  0.0  0.0  0.0  0.0  0.0  0.0  0.0  0.0  0.0
  18  0.0  0.0  1.0  0.0  0.0  0.0  0.0  0.0  0.0  0.0  0.0  0.0  0.0  0.0  0.0
  19  0.0  0.0  1.0  0.0  0.0  0.0  0.0  0.0  0.0  0.0  0.0  0.0  0.0  0.0  0.0
  20  0.0  1.0  0.0  0.0  0.0  0.0  0.0  0.0  0.0  0.0  0.0  0.0  0.0  0.0  0.0
  21  1.0  0.0  0.0  0.0  0.0  0.0  0.0  0.0  0.0  0.0  0.0  0.0  0.0  0.0  0.0
  22  1.0  0.0  0.0  0.0  0.0  0.0  0.0  0.0  0.0  0.0  0.0  0.0  0.0  0.0  0.0
  23  1.0  0.0  0.0  0.0  0.0  0.0  0.0  0.0  0.0  0.0  0.0  0.0  0.0  0.0  0.0
  24  1.0  0.0  0.0  0.0  0.0  0.0  0.0  0.0  0.0  0.0  0.0  0.0  0.0  0.0  0.0
  25  1.0  0.0  0.0  0.0  0.0  0.0  0.0  0.0  0.0  0.0  0.0  0.0  0.0  0.0  0.0
  26  1.0  0.0  0.0  0.0  0.0  0.0  0.0  0.0  0.0  0.0  0.0  0.0  0.0  0.0  0.0
  27  1.0  0.0  0.0  0.0  0.0  0.0  0.0  0.0  0.0  0.0  0.0  0.0  0.0  0.0  0.0
  28  1.0  0.0  0.0  0.0  0.0  0.0  0.0  0.0  0.0  0.0  0.0  0.0  0.0  0.0  0.0
  29  1.0  0.0  0.0  0.0  0.0  0.0  0.0  0.0  0.0  0.0  0.0  0.0  0.0  0.0  0.0
  30  1.0  0.0  0.0  0.0  0.0  0.0  0.0  0.0  0.0  0.0  0.0  0.0  0.0  0.0  0.0
  31  1.0  0.0  0.0  0.0  0.0  0.0  0.0  0.0  0.0  0.0  0.0  0.0  0.0  0.0  0.0
  32  0.0  0.0  0.0  0.0  0.0  0.0  0.0  0.0  0.0  0.0  0.0  0.0  0.0  0.0  0.0
  33  0.0  0.0  0.0  0.0  0.0  0.0  0.0  0.0  0.0  0.0  0.0  0.0  0.0  0.0  0.0
  34  0.0  0.0  0.0  0.0  0.0  0.0  0.0  0.0  0.0  0.0  0.0  0.0  0.0  0.0  0.0
  35  0.0  0.0  0.0  0.0  0.0  0.0  0.0  0.0  0.0  0.0  0.0  0.0  0.0  0.0  0.0
  36  0.0  0.0  0.0  0.0  0.0  0.0  0.0  0.0  0.0  0.0  0.0  0.0  0.0  0.0  0.0
  37  0.0  0.0  0.0  0.0  0.0  0.0  0.0  0.0  0.0  0.0  0.0  0.0  0.0  0.0  0.0
  38  0.0  0.0  0.0  0.0  0.0  0.0  0.0  0.0  0.0  0.0  0.0  0.0  0.0  0.0  0.0
  39***************************************************************************
  40***************************************************************************
 profile:          101
 cloud_weights (2330)
   1.0000000000000000     
 ctp_tau_histogram (2337)
  0.0  0.0  0.0  0.0  0.0  0.0  0.0
  0.0  0.0  0.0  0.0  0.0  0.0  0.0
  0.0  0.0  0.0  0.0  0.0  0.0  0.0
  0.0  0.0  0.0  0.0  0.0  0.0  0.0
  0.0  0.0  0.0  0.0  0.0  0.0  0.0
  0.0  1.0  0.0  0.0  0.0  0.0  0.0
  0.0  0.0  0.0  0.0  0.0  0.0  0.0
 calipso_tot_backscatter (2341)
   1    0.121276E-05
   2    0.120480E-05
   3    0.119320E-05
   4    0.118118E-05
   5    0.116733E-05
   6    0.114976E-05
   7    0.112858E-05
   8    0.110500E-05
   9    0.107780E-05
  10    0.104444E-05
  11    0.100687E-05
  12    0.970079E-06
  13    0.931860E-06
  14    0.185194E-05
  15    0.859718E-06
  16    0.813488E-06
  17    0.767140E-06
  18    0.719407E-06
  19    0.671768E-06
  20    0.624350E-06
  21    0.577115E-06
  22    0.529000E-06
  23    0.481849E-06
  24    0.433174E-06
  25    0.371962E-06
  26    0.315806E-06
  27    0.269049E-06
  28    0.227890E-06
  29    0.190604E-06
  30    0.157153E-06
  31    0.126889E-06
  32    0.100259E-06
  33    0.770724E-07
  34    0.575611E-07
  35    0.410645E-07
  36    0.271106E-07
  37    0.153376E-07
  38    0.601963E-08
 low/mid/high-level cloud mask/value (2321-2323, 2344-2346)
  1.0  0.0  1.0  0.0  1.0  0.0
 on 40 levels: 
 cf mask/liq/ice/undet and cfad_sr_backscatter_bins (2325, 2473-2475 and 2370)
   1  1.0  0.0  0.0  0.0  0.0  1.0  0.0  0.0  0.0  0.0  0.0  0.0  0.0  0.0  0.0  0.0  0.0  0.0  0.0
   2  1.0  0.0  0.0  0.0  0.0  1.0  0.0  0.0  0.0  0.0  0.0  0.0  0.0  0.0  0.0  0.0  0.0  0.0  0.0
   3  1.0  0.0  0.0  0.0  0.0  1.0  0.0  0.0  0.0  0.0  0.0  0.0  0.0  0.0  0.0  0.0  0.0  0.0  0.0
   4  1.0  0.0  0.0  0.0  0.0  1.0  0.0  0.0  0.0  0.0  0.0  0.0  0.0  0.0  0.0  0.0  0.0  0.0  0.0
   5  1.0  0.0  0.0  0.0  0.0  1.0  0.0  0.0  0.0  0.0  0.0  0.0  0.0  0.0  0.0  0.0  0.0  0.0  0.0
   6  1.0  0.0  0.0  0.0  0.0  1.0  0.0  0.0  0.0  0.0  0.0  0.0  0.0  0.0  0.0  0.0  0.0  0.0  0.0
   7  1.0  0.0  0.0  0.0  0.0  1.0  0.0  0.0  0.0  0.0  0.0  0.0  0.0  0.0  0.0  0.0  0.0  0.0  0.0
   8  1.0  0.0  0.0  0.0  0.0  1.0  0.0  0.0  0.0  0.0  0.0  0.0  0.0  0.0  0.0  0.0  0.0  0.0  0.0
   9  1.0  0.0  0.0  0.0  0.0  1.0  0.0  0.0  0.0  0.0  0.0  0.0  0.0  0.0  0.0  0.0  0.0  0.0  0.0
  10  1.0  0.0  0.0  0.0  0.0  1.0  0.0  0.0  0.0  0.0  0.0  0.0  0.0  0.0  0.0  0.0  0.0  0.0  0.0
  11  1.0  0.0  0.0  0.0  0.0  1.0  0.0  0.0  0.0  0.0  0.0  0.0  0.0  0.0  0.0  0.0  0.0  0.0  0.0
  12  1.0  0.0  0.0  0.0  0.0  1.0  0.0  0.0  0.0  0.0  0.0  0.0  0.0  0.0  0.0  0.0  0.0  0.0  0.0
  13  1.0  0.0  0.0  0.0  0.0  1.0  0.0  0.0  0.0  0.0  0.0  0.0  0.0  0.0  0.0  0.0  0.0  0.0  0.0
  14  1.0  0.0  0.0  0.0  0.0  1.0  0.0  0.0  0.0  0.0  0.0  0.0  0.0  0.0  0.0  0.0  0.0  0.0  0.0
  15  1.0  0.0  0.0  0.0  0.0  1.0  0.0  0.0  0.0  0.0  0.0  0.0  0.0  0.0  0.0  0.0  0.0  0.0  0.0
  16  1.0  0.0  0.0  0.0  0.0  1.0  0.0  0.0  0.0  0.0  0.0  0.0  0.0  0.0  0.0  0.0  0.0  0.0  0.0
  17  1.0  0.0  0.0  0.0  0.0  1.0  0.0  0.0  0.0  0.0  0.0  0.0  0.0  0.0  0.0  0.0  0.0  0.0  0.0
  18  1.0  0.0  0.0  0.0  0.0  1.0  0.0  0.0  0.0  0.0  0.0  0.0  0.0  0.0  0.0  0.0  0.0  0.0  0.0
  19  1.0  0.0  0.0  0.0  0.0  1.0  0.0  0.0  0.0  0.0  0.0  0.0  0.0  0.0  0.0  0.0  0.0  0.0  0.0
  20  1.0  0.0  0.0  0.0  0.0  1.0  0.0  0.0  0.0  0.0  0.0  0.0  0.0  0.0  0.0  0.0  0.0  0.0  0.0
  21  1.0  0.0  0.0  0.0  0.0  1.0  0.0  0.0  0.0  0.0  0.0  0.0  0.0  0.0  0.0  0.0  0.0  0.0  0.0
  22  1.0  0.0  0.0  0.0  0.0  1.0  0.0  0.0  0.0  0.0  0.0  0.0  0.0  0.0  0.0  0.0  0.0  0.0  0.0
  23  1.0  0.0  0.0  0.0  0.0  1.0  0.0  0.0  0.0  0.0  0.0  0.0  0.0  0.0  0.0  0.0  0.0  0.0  0.0
  24  1.0  0.0  0.0  0.0  0.0  1.0  0.0  0.0  0.0  0.0  0.0  0.0  0.0  0.0  0.0  0.0  0.0  0.0  0.0
  25  1.0  0.0  0.0  0.0  0.0  1.0  0.0  0.0  0.0  0.0  0.0  0.0  0.0  0.0  0.0  0.0  0.0  0.0  0.0
  26  1.0  0.0  0.0  0.0  0.0  1.0  0.0  0.0  0.0  0.0  0.0  0.0  0.0  0.0  0.0  0.0  0.0  0.0  0.0
  27  1.0  0.0  0.0  0.0  0.0  1.0  0.0  0.0  0.0  0.0  0.0  0.0  0.0  0.0  0.0  0.0  0.0  0.0  0.0
  28  1.0  0.0  0.0  0.0  0.0  1.0  0.0  0.0  0.0  0.0  0.0  0.0  0.0  0.0  0.0  0.0  0.0  0.0  0.0
  29  1.0  0.0  0.0  0.0  0.0  1.0  0.0  0.0  0.0  0.0  0.0  0.0  0.0  0.0  0.0  0.0  0.0  0.0  0.0
  30  1.0  0.0  0.0  0.0  0.0  0.0  1.0  0.0  0.0  0.0  0.0  0.0  0.0  0.0  0.0  0.0  0.0  0.0  0.0
  31  1.0  0.0  0.0  0.0  0.0  0.0  1.0  0.0  0.0  0.0  0.0  0.0  0.0  0.0  0.0  0.0  0.0  0.0  0.0
  32  1.0  0.0  0.0  0.0  0.0  1.0  0.0  0.0  0.0  0.0  0.0  0.0  0.0  0.0  0.0  0.0  0.0  0.0  0.0
  33  1.0  0.0  0.0  0.0  0.0  1.0  0.0  0.0  0.0  0.0  0.0  0.0  0.0  0.0  0.0  0.0  0.0  0.0  0.0
  34  1.0  0.0  0.0  0.0  0.0  1.0  0.0  0.0  0.0  0.0  0.0  0.0  0.0  0.0  0.0  0.0  0.0  0.0  0.0
  35  1.0  0.0  0.0  0.0  0.0  1.0  0.0  0.0  0.0  0.0  0.0  0.0  0.0  0.0  0.0  0.0  0.0  0.0  0.0
  36  1.0  0.0  0.0  0.0  0.0  1.0  0.0  0.0  0.0  0.0  0.0  0.0  0.0  0.0  0.0  0.0  0.0  0.0  0.0
  37  1.0  0.0  0.0  0.0  0.0  1.0  0.0  0.0  0.0  0.0  0.0  0.0  0.0  0.0  0.0  0.0  0.0  0.0  0.0
  38  1.0  0.0  0.0  0.0  0.0  1.0  0.0  0.0  0.0  0.0  0.0  0.0  0.0  0.0  0.0  0.0  0.0  0.0  0.0
  39  1.0  0.0  0.0  0.0  0.0  1.0  0.0  0.0  0.0  0.0  0.0  0.0  0.0  0.0  0.0  0.0  0.0  0.0  0.0
  40  1.0  0.0  0.0  0.0  0.0  1.0  0.0  0.0  0.0  0.0  0.0  0.0  0.0  0.0  0.0  0.0  0.0  0.0  0.0
 weighted cloud_albedo (2331)
   6.5120644867420197E-002
 weighted ctp (2333)
   25339.712890625000     
 weighted total cloud area (2334)
   1.0000000000000000     
 on model levels: calipso_mol_backscatter (2340)
   1    0.123005E-05
   2    0.122198E-05
   3    0.121021E-05
   4    0.119802E-05
   5    0.118397E-05
   6    0.116616E-05
   7    0.114467E-05
   8    0.112076E-05
   9    0.109317E-05
  10    0.105933E-05
  11    0.102123E-05
  12    0.983912E-06
  13    0.945148E-06
  14    0.903621E-06
  15    0.859718E-06
  16    0.813488E-06
  17    0.767140E-06
  18    0.719407E-06
  19    0.671768E-06
  20    0.624350E-06
  21    0.577115E-06
  22    0.529000E-06
  23    0.481849E-06
  24    0.433174E-06
  25    0.371962E-06
  26    0.315806E-06
  27    0.269049E-06
  28    0.227890E-06
  29    0.190604E-06
  30    0.157153E-06
  31    0.126889E-06
  32    0.100259E-06
  33    0.770724E-07
  34    0.575611E-07
  35    0.410645E-07
  36    0.271106E-07
  37    0.153376E-07
  38    0.601963E-08
 on model levels: gbx mean cloudsat ze (2353)
   1    0.000000E+00
   2    0.000000E+00
   3    0.000000E+00
   4    0.000000E+00
   5    0.000000E+00
   6    0.000000E+00
   7    0.000000E+00
   8    0.000000E+00
   9    0.000000E+00
  10    0.000000E+00
  11    0.000000E+00
  12    0.000000E+00
  13    0.000000E+00
  14    0.197336E-07
  15    0.186046E-03
  16    0.171573E-02
  17    0.507593E-02
  18    0.460733E-02
  19    0.130862E-02
  20    0.354871E-03
  21    0.131624E-03
  22    0.268507E-04
  23    0.586964E-05
  24    0.134899E-05
  25    0.353094E-06
  26    0.934115E-07
  27    0.329401E-13
  28    0.000000E+00
  29    0.000000E+00
  30    0.000000E+00
  31    0.000000E+00
  32    0.000000E+00
  33    0.000000E+00
  34    0.000000E+00
  35    0.000000E+00
  36    0.000000E+00
  37    0.000000E+00
  38    0.000000E+00
 on 40 levels: gbx mean cloudsat ze (2354)
   1    0.000000E+00
   2    0.000000E+00
   3    0.000000E+00
   4    0.000000E+00
   5    0.000000E+00
   6    0.000000E+00
   7    0.000000E+00
   8    0.329401E-13
   9    0.108610E-09
  10    0.934115E-07
  11    0.137245E-06
  12    0.353094E-06
  13    0.422623E-06
  14    0.134899E-05
  15    0.148550E-05
  16    0.586964E-05
  17    0.665450E-05
  18    0.268507E-04
  19    0.360142E-04
  20    0.131624E-03
  21    0.190307E-03
  22    0.354870E-03
  23    0.821597E-03
  24    0.130862E-02
  25    0.460230E-02
  26    0.480743E-02
  27    0.507593E-02
  28    0.178716E-02
  29    0.484353E-03
  30    0.173204E-04
  31    0.000000E+00
  32    0.000000E+00
  33    0.000000E+00
  34    0.000000E+00
  35    0.000000E+00
  36    0.000000E+00
  37    0.000000E+00
  38    0.000000E+00
  39    0.000000E+00
  40    0.000000E+00
 on model levels: gbx mean calipso atb (2355)
   1    0.121276E-05
   2    0.120480E-05
   3    0.119320E-05
   4    0.118118E-05
   5    0.116733E-05
   6    0.114976E-05
   7    0.112858E-05
   8    0.110500E-05
   9    0.107780E-05
  10    0.104444E-05
  11    0.100687E-05
  12    0.970079E-06
  13    0.931860E-06
  14    0.185194E-05
  15    0.859718E-06
  16    0.813488E-06
  17    0.767140E-06
  18    0.719407E-06
  19    0.671768E-06
  20    0.624350E-06
  21    0.577115E-06
  22    0.529000E-06
  23    0.481849E-06
  24    0.433174E-06
  25    0.371962E-06
  26    0.315806E-06
  27    0.269049E-06
  28    0.227890E-06
  29    0.190604E-06
  30    0.157153E-06
  31    0.126889E-06
  32    0.100259E-06
  33    0.770724E-07
  34    0.575611E-07
  35    0.410645E-07
  36    0.271106E-07
  37    0.153376E-07
  38    0.601963E-08
 on 40 levels: gbx mean calipso atb (2356)
   1    0.111449E-05
   2    0.114768E-05
   3    0.190604E-06
   4    0.208234E-06
   5    0.227890E-06
   6    0.227890E-06
   7    0.266137E-06
   8    0.269049E-06
   9    0.294542E-06
  10    0.315806E-06
  11    0.332055E-06
  12    0.371962E-06
  13    0.380170E-06
  14    0.433174E-06
  15    0.436365E-06
  16    0.481849E-06
  17    0.485741E-06
  18    0.529000E-06
  19    0.537887E-06
  20    0.577115E-06
  21    0.594674E-06
  22    0.624350E-06
  23    0.654854E-06
  24    0.671768E-06
  25    0.719366E-06
  26    0.740358E-06
  27    0.767140E-06
  28    0.811745E-06
  29    0.839807E-06
  30    0.111713E-05
  31    0.182204E-05
  32    0.931860E-06
  33    0.965812E-06
  34    0.100050E-05
  35    0.103871E-05
  36    0.107983E-05
  37    0.111449E-05
  38    0.114768E-05
  39    0.118038E-05
  40    0.120671E-05
 on 40 levels: calipso_mol_backscatter (2357)
   1    0.164179E-06
   2    0.190604E-06
   3    0.190604E-06
   4    0.208234E-06
   5    0.227890E-06
   6    0.227890E-06
   7    0.266137E-06
   8    0.269049E-06
   9    0.294542E-06
  10    0.315806E-06
  11    0.332055E-06
  12    0.371962E-06
  13    0.380170E-06
  14    0.433174E-06
  15    0.436365E-06
  16    0.481849E-06
  17    0.485741E-06
  18    0.529000E-06
  19    0.537887E-06
  20    0.577115E-06
  21    0.594674E-06
  22    0.624350E-06
  23    0.654854E-06
  24    0.671768E-06
  25    0.719366E-06
  26    0.740358E-06
  27    0.767140E-06
  28    0.811745E-06
  29    0.839807E-06
  30    0.871108E-06
  31    0.904971E-06
  32    0.945148E-06
  33    0.979584E-06
  34    0.101476E-05
  35    0.105352E-05
  36    0.109523E-05
  37    0.113038E-05
  38    0.116404E-05
  39    0.119721E-05
  40    0.122391E-05
 on model levels: calipso+cloudsat cloud (2358)
   1    0.000000E+00
   2    0.000000E+00
   3    0.000000E+00
   4    0.000000E+00
   5    0.000000E+00
   6    0.000000E+00
   7    0.000000E+00
   8    0.000000E+00
   9    0.000000E+00
  10    0.000000E+00
  11    0.000000E+00
  12    0.000000E+00
  13    0.000000E+00
  14    0.000000E+00
  15    0.000000E+00
  16    0.100000E+01
  17    0.100000E+01
  18    0.100000E+01
  19    0.100000E+01
  20    0.000000E+00
  21    0.000000E+00
  22    0.000000E+00
  23    0.000000E+00
  24    0.000000E+00
  25    0.000000E+00
  26    0.000000E+00
  27    0.000000E+00
  28    0.000000E+00
  29    0.000000E+00
  30    0.000000E+00
  31    0.000000E+00
  32    0.000000E+00
  33    0.000000E+00
  34    0.000000E+00
  35    0.000000E+00
  36    0.000000E+00
  37    0.000000E+00
  38    0.000000E+00
 on 40 levels: calipso+cloudsat cloud (2359)
   1    0.000000E+00
   2    0.000000E+00
   3    0.000000E+00
   4    0.000000E+00
   5    0.000000E+00
   6    0.000000E+00
   7    0.000000E+00
   8    0.000000E+00
   9    0.000000E+00
  10    0.000000E+00
  11    0.000000E+00
  12    0.000000E+00
  13    0.000000E+00
  14    0.000000E+00
  15    0.000000E+00
  16    0.000000E+00
  17    0.000000E+00
  18    0.000000E+00
  19    0.000000E+00
  20    0.000000E+00
  21    0.000000E+00
  22    0.000000E+00
  23    0.000000E+00
  24    0.100000E+01
  25    0.100000E+01
  26    0.100000E+01
  27    0.100000E+01
  28    0.100000E+01
  29    0.000000E+00
  30    0.000000E+00
  31    0.000000E+00
  32    0.000000E+00
  33    0.000000E+00
  34    0.000000E+00
  35    0.000000E+00
  36    0.000000E+00
  37    0.000000E+00
  38    0.000000E+00
  39    0.000000E+00
  40    0.000000E+00
 on 40 levels: calipso cloud area (2371)
           1   0.0000000000000000     
           2   0.0000000000000000     
           3   0.0000000000000000     
           4   0.0000000000000000     
           5   0.0000000000000000     
           6   0.0000000000000000     
           7   0.0000000000000000     
           8   0.0000000000000000     
           9   0.0000000000000000     
          10   0.0000000000000000     
          11   0.0000000000000000     
          12   0.0000000000000000     
          13   0.0000000000000000     
          14   0.0000000000000000     
          15   0.0000000000000000     
          16   0.0000000000000000     
          17   0.0000000000000000     
          18   0.0000000000000000     
          19   0.0000000000000000     
          20   0.0000000000000000     
          21   0.0000000000000000     
          22   0.0000000000000000     
          23   0.0000000000000000     
          24   0.0000000000000000     
          25   0.0000000000000000     
          26   0.0000000000000000     
          27   0.0000000000000000     
          28   0.0000000000000000     
          29   0.0000000000000000     
          30   0.0000000000000000     
          31   0.0000000000000000     
          32   0.0000000000000000     
          33   0.0000000000000000     
          34   0.0000000000000000     
          35   0.0000000000000000     
          36   0.0000000000000000     
          37   0.0000000000000000     
          38   0.0000000000000000     
          39   0.0000000000000000     
          40   0.0000000000000000     
 on 40 levels: cloudsat cfad ze (2372)
   1  0.0  0.0  0.0  0.0  0.0  0.0  0.0  0.0  0.0  0.0  0.0  0.0  0.0  0.0  0.0
   2  0.0  0.0  0.0  0.0  0.0  0.0  0.0  0.0  0.0  0.0  0.0  0.0  0.0  0.0  0.0
   3  0.0  0.0  0.0  0.0  0.0  0.0  0.0  0.0  0.0  0.0  0.0  0.0  0.0  0.0  0.0
   4  0.0  0.0  0.0  0.0  0.0  0.0  0.0  0.0  0.0  0.0  0.0  0.0  0.0  0.0  0.0
   5  0.0  0.0  0.0  0.0  0.0  0.0  0.0  0.0  0.0  0.0  0.0  0.0  0.0  0.0  0.0
   6  0.0  0.0  0.0  0.0  0.0  0.0  0.0  0.0  0.0  0.0  0.0  0.0  0.0  0.0  0.0
   7  0.0  0.0  0.0  0.0  0.0  0.0  0.0  0.0  0.0  0.0  0.0  0.0  0.0  0.0  0.0
   8  0.0  0.0  0.0  0.0  0.0  0.0  0.0  0.0  0.0  0.0  0.0  0.0  0.0  0.0  0.0
   9  0.0  0.0  0.0  0.0  0.0  0.0  0.0  0.0  0.0  0.0  0.0  0.0  0.0  0.0  0.0
  10  0.0  0.0  0.0  0.0  0.0  0.0  0.0  0.0  0.0  0.0  0.0  0.0  0.0  0.0  0.0
  11  1.0  0.0  0.0  0.0  0.0  0.0  0.0  0.0  0.0  0.0  0.0  0.0  0.0  0.0  0.0
  12  1.0  0.0  0.0  0.0  0.0  0.0  0.0  0.0  0.0  0.0  0.0  0.0  0.0  0.0  0.0
  13  1.0  0.0  0.0  0.0  0.0  0.0  0.0  0.0  0.0  0.0  0.0  0.0  0.0  0.0  0.0
  14  0.0  0.0  1.0  0.0  0.0  0.0  0.0  0.0  0.0  0.0  0.0  0.0  0.0  0.0  0.0
  15  0.0  0.0  1.0  0.0  0.0  0.0  0.0  0.0  0.0  0.0  0.0  0.0  0.0  0.0  0.0
  16  0.0  0.0  0.0  0.0  1.0  0.0  0.0  0.0  0.0  0.0  0.0  0.0  0.0  0.0  0.0
  17  0.0  0.0  0.0  0.0  1.0  0.0  0.0  0.0  0.0  0.0  0.0  0.0  0.0  0.0  0.0
  18  0.0  0.0  0.0  0.0  0.0  1.0  0.0  0.0  0.0  0.0  0.0  0.0  0.0  0.0  0.0
  19  0.0  0.0  0.0  0.0  0.0  1.0  0.0  0.0  0.0  0.0  0.0  0.0  0.0  0.0  0.0
  20  0.0  0.0  0.0  0.0  0.0  1.0  0.0  0.0  0.0  0.0  0.0  0.0  0.0  0.0  0.0
  21  0.0  0.0  0.0  0.0  0.0  1.0  0.0  0.0  0.0  0.0  0.0  0.0  0.0  0.0  0.0
  22  0.0  0.0  0.0  0.0  1.0  0.0  0.0  0.0  0.0  0.0  0.0  0.0  0.0  0.0  0.0
  23  0.0  0.0  0.0  1.0  0.0  0.0  0.0  0.0  0.0  0.0  0.0  0.0  0.0  0.0  0.0
  24  0.0  0.0  0.0  1.0  0.0  0.0  0.0  0.0  0.0  0.0  0.0  0.0  0.0  0.0  0.0
  25  0.0  0.0  1.0  0.0  0.0  0.0  0.0  0.0  0.0  0.0  0.0  0.0  0.0  0.0  0.0
  26  0.0  1.0  0.0  0.0  0.0  0.0  0.0  0.0  0.0  0.0  0.0  0.0  0.0  0.0  0.0
  27  1.0  0.0  0.0  0.0  0.0  0.0  0.0  0.0  0.0  0.0  0.0  0.0  0.0  0.0  0.0
  28  1.0  0.0  0.0  0.0  0.0  0.0  0.0  0.0  0.0  0.0  0.0  0.0  0.0  0.0  0.0
  29  1.0  0.0  0.0  0.0  0.0  0.0  0.0  0.0  0.0  0.0  0.0  0.0  0.0  0.0  0.0
  30  1.0  0.0  0.0  0.0  0.0  0.0  0.0  0.0  0.0  0.0  0.0  0.0  0.0  0.0  0.0
  31  1.0  0.0  0.0  0.0  0.0  0.0  0.0  0.0  0.0  0.0  0.0  0.0  0.0  0.0  0.0
  32  1.0  0.0  0.0  0.0  0.0  0.0  0.0  0.0  0.0  0.0  0.0  0.0  0.0  0.0  0.0
  33  1.0  0.0  0.0  0.0  0.0  0.0  0.0  0.0  0.0  0.0  0.0  0.0  0.0  0.0  0.0
  34  0.0  0.0  0.0  0.0  0.0  0.0  0.0  0.0  0.0  0.0  0.0  0.0  0.0  0.0  0.0
  35  0.0  0.0  0.0  0.0  0.0  0.0  0.0  0.0  0.0  0.0  0.0  0.0  0.0  0.0  0.0
  36  0.0  0.0  0.0  0.0  0.0  0.0  0.0  0.0  0.0  0.0  0.0  0.0  0.0  0.0  0.0
  37  0.0  0.0  0.0  0.0  0.0  0.0  0.0  0.0  0.0  0.0  0.0  0.0  0.0  0.0  0.0
  38  0.0  0.0  0.0  0.0  0.0  0.0  0.0  0.0  0.0  0.0  0.0  0.0  0.0  0.0  0.0
  39  0.0  0.0  0.0  0.0  0.0  0.0  0.0  0.0  0.0  0.0  0.0  0.0  0.0  0.0  0.0
  40  0.0  0.0  0.0  0.0  0.0  0.0  0.0  0.0  0.0  0.0  0.0  0.0  0.0  0.0  0.0
 profile:          111
 cloud_weights (2330)
   1.0000000000000000     
 ctp_tau_histogram (2337)
  0.0  0.0  1.0  0.0  0.0  0.0  0.0
  0.0  0.0  0.0  0.0  0.0  0.0  0.0
  0.0  0.0  0.0  0.0  0.0  0.0  0.0
  0.0  0.0  0.0  0.0  0.0  0.0  0.0
  0.0  0.0  0.0  0.0  0.0  0.0  0.0
  0.0  0.0  0.0  0.0  0.0  0.0  0.0
  0.0  0.0  0.0  0.0  0.0  0.0  0.0
 calipso_tot_backscatter (2341)
   1    0.559071E-06
   2    0.101681E-05
   3    0.305686E-05
   4    0.628989E-05
   5    0.847455E-05
   6    0.795719E-05
   7    0.120177E-04
   8    0.298974E-04
   9    0.282485E-05
  10    0.102498E-05
  11    0.991978E-06
  12    0.206920E-05
  13    0.933001E-06
  14    0.896373E-06
  15    0.848470E-06
  16    0.801261E-06
  17    0.756491E-06
  18    0.711938E-06
  19    0.667027E-06
  20    0.621460E-06
  21    0.575168E-06
  22    0.528153E-06
  23    0.476307E-06
  24    0.420947E-06
  25    0.363896E-06
  26    0.311480E-06
  27    0.266968E-06
  28    0.227393E-06
  29    0.190225E-06
  30    0.156080E-06
  31    0.126229E-06
  32    0.100202E-06
  33    0.771873E-07
  34    0.576262E-07
  35    0.410704E-07
  36    0.271437E-07
  37    0.154048E-07
  38    0.605046E-08
 low/mid/high-level cloud mask/value (2321-2323, 2344-2346)
  1.0  1.0  1.0  0.0  1.0  0.0
 on 40 levels: 
 cf mask/liq/ice/undet and cfad_sr_backscatter_bins (2325, 2473-2475 and 2370)
   1  1.0  0.0  0.0  0.0  0.0  1.0  0.0  0.0  0.0  0.0  0.0  0.0  0.0  0.0  0.0  0.0  0.0  0.0  0.0
   2  1.0  0.0  0.0  0.0  0.0  1.0  0.0  0.0  0.0  0.0  0.0  0.0  0.0  0.0  0.0  0.0  0.0  0.0  0.0
   3  1.0  0.0  0.0  0.0  0.0  1.0  0.0  0.0  0.0  0.0  0.0  0.0  0.0  0.0  0.0  0.0  0.0  0.0  0.0
   4  1.0  0.0  0.0  0.0  0.0  1.0  0.0  0.0  0.0  0.0  0.0  0.0  0.0  0.0  0.0  0.0  0.0  0.0  0.0
   5  1.0  0.0  0.0  0.0  0.0  1.0  0.0  0.0  0.0  0.0  0.0  0.0  0.0  0.0  0.0  0.0  0.0  0.0  0.0
   6  1.0  0.0  0.0  0.0  0.0  1.0  0.0  0.0  0.0  0.0  0.0  0.0  0.0  0.0  0.0  0.0  0.0  0.0  0.0
   7  1.0  0.0  0.0  0.0  0.0  1.0  0.0  0.0  0.0  0.0  0.0  0.0  0.0  0.0  0.0  0.0  0.0  0.0  0.0
   8  1.0  0.0  0.0  0.0  0.0  1.0  0.0  0.0  0.0  0.0  0.0  0.0  0.0  0.0  0.0  0.0  0.0  0.0  0.0
   9  1.0  0.0  0.0  0.0  0.0  1.0  0.0  0.0  0.0  0.0  0.0  0.0  0.0  0.0  0.0  0.0  0.0  0.0  0.0
  10  1.0  0.0  0.0  0.0  0.0  1.0  0.0  0.0  0.0  0.0  0.0  0.0  0.0  0.0  0.0  0.0  0.0  0.0  0.0
  11  1.0  0.0  0.0  0.0  0.0  1.0  0.0  0.0  0.0  0.0  0.0  0.0  0.0  0.0  0.0  0.0  0.0  0.0  0.0
  12  1.0  0.0  0.0  0.0  0.0  1.0  0.0  0.0  0.0  0.0  0.0  0.0  0.0  0.0  0.0  0.0  0.0  0.0  0.0
  13  1.0  0.0  0.0  0.0  0.0  1.0  0.0  0.0  0.0  0.0  0.0  0.0  0.0  0.0  0.0  0.0  0.0  0.0  0.0
  14  1.0  0.0  0.0  0.0  0.0  1.0  0.0  0.0  0.0  0.0  0.0  0.0  0.0  0.0  0.0  0.0  0.0  0.0  0.0
  15  1.0  0.0  0.0  0.0  0.0  1.0  0.0  0.0  0.0  0.0  0.0  0.0  0.0  0.0  0.0  0.0  0.0  0.0  0.0
  16  1.0  0.0  0.0  0.0  0.0  1.0  0.0  0.0  0.0  0.0  0.0  0.0  0.0  0.0  0.0  0.0  0.0  0.0  0.0
  17  1.0  0.0  0.0  0.0  0.0  1.0  0.0  0.0  0.0  0.0  0.0  0.0  0.0  0.0  0.0  0.0  0.0  0.0  0.0
  18  1.0  0.0  0.0  0.0  0.0  1.0  0.0  0.0  0.0  0.0  0.0  0.0  0.0  0.0  0.0  0.0  0.0  0.0  0.0
  19  1.0  0.0  0.0  0.0  0.0  1.0  0.0  0.0  0.0  0.0  0.0  0.0  0.0  0.0  0.0  0.0  0.0  0.0  0.0
  20  1.0  0.0  0.0  0.0  0.0  1.0  0.0  0.0  0.0  0.0  0.0  0.0  0.0  0.0  0.0  0.0  0.0  0.0  0.0
  21  1.0  0.0  0.0  0.0  0.0  1.0  0.0  0.0  0.0  0.0  0.0  0.0  0.0  0.0  0.0  0.0  0.0  0.0  0.0
  22  1.0  0.0  0.0  0.0  0.0  1.0  0.0  0.0  0.0  0.0  0.0  0.0  0.0  0.0  0.0  0.0  0.0  0.0  0.0
  23  1.0  0.0  0.0  0.0  0.0  1.0  0.0  0.0  0.0  0.0  0.0  0.0  0.0  0.0  0.0  0.0  0.0  0.0  0.0
  24  1.0  0.0  0.0  0.0  0.0  1.0  0.0  0.0  0.0  0.0  0.0  0.0  0.0  0.0  0.0  0.0  0.0  0.0  0.0
  25  1.0  0.0  0.0  0.0  0.0  1.0  0.0  0.0  0.0  0.0  0.0  0.0  0.0  0.0  0.0  0.0  0.0  0.0  0.0
  26  1.0  0.0  0.0  0.0  0.0  1.0  0.0  0.0  0.0  0.0  0.0  0.0  0.0  0.0  0.0  0.0  0.0  0.0  0.0
  27  1.0  0.0  0.0  0.0  0.0  1.0  0.0  0.0  0.0  0.0  0.0  0.0  0.0  0.0  0.0  0.0  0.0  0.0  0.0
  28  1.0  0.0  0.0  0.0  0.0  1.0  0.0  0.0  0.0  0.0  0.0  0.0  0.0  0.0  0.0  0.0  0.0  0.0  0.0
  29  1.0  0.0  0.0  0.0  0.0  1.0  0.0  0.0  0.0  0.0  0.0  0.0  0.0  0.0  0.0  0.0  0.0  0.0  0.0
  30  1.0  0.0  0.0  0.0  0.0  1.0  0.0  0.0  0.0  0.0  0.0  0.0  0.0  0.0  0.0  0.0  0.0  0.0  0.0
  31  1.0  0.0  0.0  0.0  0.0  1.0  0.0  0.0  0.0  0.0  0.0  0.0  0.0  0.0  0.0  0.0  0.0  0.0  0.0
  32  1.0  0.0  0.0  0.0  0.0  0.0  1.0  0.0  0.0  0.0  0.0  0.0  0.0  0.0  0.0  0.0  0.0  0.0  0.0
  33  1.0  0.0  0.0  0.0  0.0  0.0  1.0  0.0  0.0  0.0  0.0  0.0  0.0  0.0  0.0  0.0  0.0  0.0  0.0
  34  1.0  0.0  0.0  0.0  0.0  1.0  0.0  0.0  0.0  0.0  0.0  0.0  0.0  0.0  0.0  0.0  0.0  0.0  0.0
  35  1.0  0.0  0.0  0.0  0.0  0.0  1.0  0.0  0.0  0.0  0.0  0.0  0.0  0.0  0.0  0.0  0.0  0.0  0.0
  36  1.0  1.0  0.0  0.0  0.0  0.0  0.0  0.0  0.0  0.0  0.0  0.0  1.0  0.0  0.0  0.0  0.0  0.0  0.0
  37  1.0  1.0  0.0  0.0  0.0  0.0  0.0  0.0  0.0  1.0  0.0  0.0  0.0  0.0  0.0  0.0  0.0  0.0  0.0
  38  1.0  1.0  0.0  0.0  0.0  0.0  0.0  0.0  1.0  0.0  0.0  0.0  0.0  0.0  0.0  0.0  0.0  0.0  0.0
  39  1.0  0.0  0.0  0.0  0.0  1.0  0.0  0.0  0.0  0.0  0.0  0.0  0.0  0.0  0.0  0.0  0.0  0.0  0.0
  40  0.0  0.0  0.0  0.0  0.0  0.0  0.0  0.0  0.0  0.0  0.0  0.0  0.0  0.0  0.0  0.0  0.0  0.0  0.0
 weighted cloud_albedo (2331)
  0.22284388542175293     
 weighted ctp (2333)
   85180.484375000000     
 weighted total cloud area (2334)
   1.0000000000000000     
 on model levels: calipso_mol_backscatter (2340)
   1    0.120128E-05
   2    0.119218E-05
   3    0.118093E-05
   4    0.117014E-05
   5    0.115664E-05
   6    0.114052E-05
   7    0.112186E-05
   8    0.109975E-05
   9    0.107298E-05
  10    0.104264E-05
  11    0.100907E-05
  12    0.973310E-06
  13    0.933001E-06
  14    0.896373E-06
  15    0.848470E-06
  16    0.801261E-06
  17    0.756491E-06
  18    0.711938E-06
  19    0.667027E-06
  20    0.621460E-06
  21    0.575168E-06
  22    0.528153E-06
  23    0.476307E-06
  24    0.420947E-06
  25    0.363896E-06
  26    0.311480E-06
  27    0.266968E-06
  28    0.227393E-06
  29    0.190225E-06
  30    0.156080E-06
  31    0.126229E-06
  32    0.100202E-06
  33    0.771873E-07
  34    0.576262E-07
  35    0.410704E-07
  36    0.271437E-07
  37    0.154048E-07
  38    0.605046E-08
 on model levels: gbx mean cloudsat ze (2353)
   1    0.000000E+00
   2    0.000000E+00
   3    0.000000E+00
   4    0.000000E+00
   5    0.000000E+00
   6    0.000000E+00
   7    0.000000E+00
   8    0.000000E+00
   9    0.000000E+00
  10    0.000000E+00
  11    0.000000E+00
  12    0.000000E+00
  13    0.000000E+00
  14    0.000000E+00
  15    0.000000E+00
  16    0.838457E-04
  17    0.943682E-03
  18    0.243762E-02
  19    0.133016E-02
  20    0.260108E-03
  21    0.576917E-04
  22    0.126018E-04
  23    0.302521E-05
  24    0.754693E-06
  25    0.202487E-06
  26    0.105781E-06
  27    0.243381E-05
  28    0.111098E-05
  29    0.135626E-10
  30    0.687800E-08
  31    0.719989E-03
  32    0.493313E-03
  33    0.344679E-03
  34    0.512184E-03
  35    0.535134E-03
  36    0.344443E-03
  37    0.241185E-03
  38    0.203058E-03
 on 40 levels: gbx mean cloudsat ze (2354)
   1    0.185897E-08
   2    0.135626E-10
   3    0.135626E-10
   4    0.285519E-08
   5    0.111098E-05
   6    0.111098E-05
   7    0.231103E-05
   8    0.243381E-05
   9    0.416314E-06
  10    0.105781E-06
  11    0.130836E-06
  12    0.202487E-06
  13    0.262907E-06
  14    0.754693E-06
  15    0.944723E-06
  16    0.302521E-05
  17    0.411294E-05
  18    0.126018E-04
  19    0.217234E-04
  20    0.576917E-04
  21    0.140024E-03
  22    0.260108E-03
  23    0.114241E-02
  24    0.160586E-02
  25    0.243762E-02
  26    0.114040E-02
  27    0.381187E-03
  28    0.000000E+00
  29    0.000000E+00
  30    0.000000E+00
  31    0.000000E+00
  32    0.000000E+00
  33    0.000000E+00
  34    0.000000E+00
  35    0.000000E+00
  36    0.000000E+00
  37    0.000000E+00
  38    0.000000E+00
  39    0.000000E+00
  40    0.000000E+00
 on model levels: gbx mean calipso atb (2355)
   1    0.559071E-06
   2    0.101681E-05
   3    0.305686E-05
   4    0.628989E-05
   5    0.847455E-05
   6    0.795719E-05
   7    0.120177E-04
   8    0.298974E-04
   9    0.282485E-05
  10    0.102498E-05
  11    0.991978E-06
  12    0.206920E-05
  13    0.933001E-06
  14    0.896373E-06
  15    0.848470E-06
  16    0.801261E-06
  17    0.756491E-06
  18    0.711938E-06
  19    0.667027E-06
  20    0.621460E-06
  21    0.575168E-06
  22    0.528153E-06
  23    0.476307E-06
  24    0.420947E-06
  25    0.363896E-06
  26    0.311480E-06
  27    0.266968E-06
  28    0.227393E-06
  29    0.190225E-06
  30    0.156080E-06
  31    0.126229E-06
  32    0.100202E-06
  33    0.771873E-07
  34    0.576262E-07
  35    0.410704E-07
  36    0.271437E-07
  37    0.154048E-07
  38    0.605046E-08
 on 40 levels: gbx mean calipso atb (2356)
   1    0.959477E-05
   2    0.645599E-05
   3    0.190225E-06
   4    0.207800E-06
   5    0.227393E-06
   6    0.227393E-06
   7    0.264356E-06
   8    0.266968E-06
   9    0.292033E-06
  10    0.311480E-06
  11    0.328641E-06
  12    0.363896E-06
  13    0.375219E-06
  14    0.420947E-06
  15    0.429902E-06
  16    0.476307E-06
  17    0.487468E-06
  18    0.528153E-06
  19    0.544982E-06
  20    0.575168E-06
  21    0.602424E-06
  22    0.621460E-06
  23    0.662779E-06
  24    0.680993E-06
  25    0.711938E-06
  26    0.747602E-06
  27    0.773256E-06
  28    0.802776E-06
  29    0.848470E-06
  30    0.885483E-06
  31    0.918181E-06
  32    0.150070E-05
  33    0.154699E-05
  34    0.101013E-05
  35    0.227665E-05
  36    0.237381E-04
  37    0.959477E-05
  38    0.645599E-05
  39    0.125695E-05
  40    0.000000E+00
 on 40 levels: calipso_mol_backscatter (2357)
   1    0.163252E-06
   2    0.190225E-06
   3    0.190225E-06
   4    0.207800E-06
   5    0.227393E-06
   6    0.227393E-06
   7    0.264356E-06
   8    0.266968E-06
   9    0.292033E-06
  10    0.311480E-06
  11    0.328641E-06
  12    0.363896E-06
  13    0.375219E-06
  14    0.420947E-06
  15    0.429902E-06
  16    0.476307E-06
  17    0.487468E-06
  18    0.528153E-06
  19    0.544982E-06
  20    0.575168E-06
  21    0.602424E-06
  22    0.621460E-06
  23    0.662779E-06
  24    0.680993E-06
  25    0.711938E-06
  26    0.747602E-06
  27    0.773256E-06
  28    0.802776E-06
  29    0.848470E-06
  30    0.885483E-06
  31    0.918181E-06
  32    0.953141E-06
  33    0.990647E-06
  34    0.102754E-05
  35    0.106374E-05
  36    0.110254E-05
  37    0.113419E-05
  38    0.116712E-05
  39    0.119299E-05
  40   -0.100000E+21
 on model levels: calipso+cloudsat cloud (2358)
   1    0.000000E+00
   2    0.000000E+00
   3    0.000000E+00
   4    0.100000E+01
   5    0.100000E+01
   6    0.100000E+01
   7    0.100000E+01
   8    0.100000E+01
   9    0.000000E+00
  10    0.000000E+00
  11    0.000000E+00
  12    0.000000E+00
  13    0.000000E+00
  14    0.000000E+00
  15    0.000000E+00
  16    0.000000E+00
  17    0.000000E+00
  18    0.100000E+01
  19    0.100000E+01
  20    0.000000E+00
  21    0.000000E+00
  22    0.000000E+00
  23    0.000000E+00
  24    0.000000E+00
  25    0.000000E+00
  26    0.000000E+00
  27    0.000000E+00
  28    0.000000E+00
  29    0.000000E+00
  30    0.000000E+00
  31    0.000000E+00
  32    0.000000E+00
  33    0.000000E+00
  34    0.000000E+00
  35    0.000000E+00
  36    0.000000E+00
  37    0.000000E+00
  38    0.000000E+00
 on 40 levels: calipso+cloudsat cloud (2359)
   1    0.000000E+00
   2    0.000000E+00
   3    0.000000E+00
   4    0.000000E+00
   5    0.000000E+00
   6    0.000000E+00
   7    0.000000E+00
   8    0.000000E+00
   9    0.000000E+00
  10    0.000000E+00
  11    0.000000E+00
  12    0.000000E+00
  13    0.000000E+00
  14    0.000000E+00
  15    0.000000E+00
  16    0.000000E+00
  17    0.000000E+00
  18    0.000000E+00
  19    0.000000E+00
  20    0.000000E+00
  21    0.000000E+00
  22    0.000000E+00
  23    0.100000E+01
  24    0.100000E+01
  25    0.100000E+01
  26    0.100000E+01
  27    0.000000E+00
  28    0.000000E+00
  29    0.000000E+00
  30    0.000000E+00
  31    0.000000E+00
  32    0.000000E+00
  33    0.000000E+00
  34    0.000000E+00
  35    0.000000E+00
  36    0.100000E+01
  37    0.100000E+01
  38    0.100000E+01
  39    0.000000E+00
  40    0.000000E+00
 on 40 levels: calipso cloud area (2371)
           1   0.0000000000000000     
           2   0.0000000000000000     
           3   0.0000000000000000     
           4   0.0000000000000000     
           5   0.0000000000000000     
           6   0.0000000000000000     
           7   0.0000000000000000     
           8   0.0000000000000000     
           9   0.0000000000000000     
          10   0.0000000000000000     
          11   0.0000000000000000     
          12   0.0000000000000000     
          13   0.0000000000000000     
          14   0.0000000000000000     
          15   0.0000000000000000     
          16   0.0000000000000000     
          17   0.0000000000000000     
          18   0.0000000000000000     
          19   0.0000000000000000     
          20   0.0000000000000000     
          21   0.0000000000000000     
          22   0.0000000000000000     
          23   0.0000000000000000     
          24   0.0000000000000000     
          25   0.0000000000000000     
          26   0.0000000000000000     
          27   0.0000000000000000     
          28   0.0000000000000000     
          29   0.0000000000000000     
          30   0.0000000000000000     
          31   0.0000000000000000     
          32   0.0000000000000000     
          33   0.0000000000000000     
          34   0.0000000000000000     
          35   0.0000000000000000     
          36   1.0000000000000000     
          37   1.0000000000000000     
          38   1.0000000000000000     
          39   0.0000000000000000     
          40  -1.0000000150474662E+028
 on 40 levels: cloudsat cfad ze (2372)
   1  0.0  0.0  0.0  0.0  0.0  0.0  0.0  0.0  0.0  0.0  0.0  0.0  0.0  0.0  0.0
   2  0.0  0.0  0.0  0.0  0.0  0.0  0.0  0.0  0.0  0.0  0.0  0.0  0.0  0.0  0.0
   3  0.0  0.0  0.0  0.0  0.0  0.0  0.0  0.0  0.0  0.0  0.0  0.0  0.0  0.0  0.0
   4  0.0  0.0  0.0  0.0  0.0  0.0  0.0  0.0  0.0  0.0  0.0  0.0  0.0  0.0  0.0
   5  0.0  0.0  0.0  0.0  0.0  0.0  0.0  0.0  0.0  0.0  0.0  0.0  0.0  0.0  0.0
   6  0.0  0.0  0.0  0.0  0.0  0.0  0.0  0.0  0.0  0.0  0.0  0.0  0.0  0.0  0.0
   7  0.0  0.0  0.0  0.0  0.0  0.0  0.0  0.0  0.0  0.0  0.0  0.0  0.0  0.0  0.0
   8  0.0  0.0  0.0  0.0  0.0  0.0  0.0  0.0  0.0  0.0  0.0  0.0  0.0  0.0  0.0
   9  0.0  0.0  0.0  0.0  0.0  0.0  0.0  0.0  0.0  0.0  0.0  0.0  0.0  0.0  0.0
  10  0.0  0.0  0.0  0.0  0.0  0.0  0.0  0.0  0.0  0.0  0.0  0.0  0.0  0.0  0.0
  11  0.0  0.0  0.0  0.0  0.0  0.0  0.0  0.0  0.0  0.0  0.0  0.0  0.0  0.0  0.0
  12  0.0  0.0  0.0  0.0  0.0  0.0  0.0  0.0  0.0  0.0  0.0  0.0  0.0  0.0  0.0
  13  0.0  0.0  0.0  0.0  0.0  0.0  0.0  0.0  0.0  0.0  0.0  0.0  0.0  0.0  0.0
  14  0.0  0.0  0.0  0.0  0.0  0.0  0.0  0.0  0.0  0.0  0.0  0.0  0.0  0.0  0.0
  15  1.0  0.0  0.0  0.0  0.0  0.0  0.0  0.0  0.0  0.0  0.0  0.0  0.0  0.0  0.0
  16  0.0  1.0  0.0  0.0  0.0  0.0  0.0  0.0  0.0  0.0  0.0  0.0  0.0  0.0  0.0
  17  0.0  0.0  1.0  0.0  0.0  0.0  0.0  0.0  0.0  0.0  0.0  0.0  0.0  0.0  0.0
  18  0.0  0.0  0.0  1.0  0.0  0.0  0.0  0.0  0.0  0.0  0.0  0.0  0.0  0.0  0.0
  19  0.0  0.0  0.0  0.0  1.0  0.0  0.0  0.0  0.0  0.0  0.0  0.0  0.0  0.0  0.0
  20  0.0  0.0  0.0  0.0  1.0  0.0  0.0  0.0  0.0  0.0  0.0  0.0  0.0  0.0  0.0
  21  0.0  0.0  0.0  0.0  1.0  0.0  0.0  0.0  0.0  0.0  0.0  0.0  0.0  0.0  0.0
  22  0.0  0.0  0.0  0.0  1.0  0.0  0.0  0.0  0.0  0.0  0.0  0.0  0.0  0.0  0.0
  23  0.0  0.0  0.0  1.0  0.0  0.0  0.0  0.0  0.0  0.0  0.0  0.0  0.0  0.0  0.0
  24  0.0  0.0  1.0  0.0  0.0  0.0  0.0  0.0  0.0  0.0  0.0  0.0  0.0  0.0  0.0
  25  0.0  1.0  0.0  0.0  0.0  0.0  0.0  0.0  0.0  0.0  0.0  0.0  0.0  0.0  0.0
  26  1.0  0.0  0.0  0.0  0.0  0.0  0.0  0.0  0.0  0.0  0.0  0.0  0.0  0.0  0.0
  27  1.0  0.0  0.0  0.0  0.0  0.0  0.0  0.0  0.0  0.0  0.0  0.0  0.0  0.0  0.0
  28  1.0  0.0  0.0  0.0  0.0  0.0  0.0  0.0  0.0  0.0  0.0  0.0  0.0  0.0  0.0
  29  1.0  0.0  0.0  0.0  0.0  0.0  0.0  0.0  0.0  0.0  0.0  0.0  0.0  0.0  0.0
  30  1.0  0.0  0.0  0.0  0.0  0.0  0.0  0.0  0.0  0.0  0.0  0.0  0.0  0.0  0.0
  31  1.0  0.0  0.0  0.0  0.0  0.0  0.0  0.0  0.0  0.0  0.0  0.0  0.0  0.0  0.0
  32  1.0  0.0  0.0  0.0  0.0  0.0  0.0  0.0  0.0  0.0  0.0  0.0  0.0  0.0  0.0
  33  1.0  0.0  0.0  0.0  0.0  0.0  0.0  0.0  0.0  0.0  0.0  0.0  0.0  0.0  0.0
  34  1.0  0.0  0.0  0.0  0.0  0.0  0.0  0.0  0.0  0.0  0.0  0.0  0.0  0.0  0.0
  35  1.0  0.0  0.0  0.0  0.0  0.0  0.0  0.0  0.0  0.0  0.0  0.0  0.0  0.0  0.0
  36  0.0  0.0  0.0  1.0  0.0  0.0  0.0  0.0  0.0  0.0  0.0  0.0  0.0  0.0  0.0
  37  0.0  0.0  0.0  1.0  0.0  0.0  0.0  0.0  0.0  0.0  0.0  0.0  0.0  0.0  0.0
  38  0.0  0.0  0.0  1.0  0.0  0.0  0.0  0.0  0.0  0.0  0.0  0.0  0.0  0.0  0.0
  39  0.0  0.0  1.0  0.0  0.0  0.0  0.0  0.0  0.0  0.0  0.0  0.0  0.0  0.0  0.0
  40***************************************************************************
 profile:          121
 cloud_weights (2330)
   1.0000000000000000     
 ctp_tau_histogram (2337)
  0.0  0.0  0.0  0.0  0.0  0.0  0.0
  0.0  0.0  0.0  0.0  0.0  0.0  0.0
  0.0  0.0  0.0  0.0  0.0  0.0  0.0
  0.0  0.0  0.0  0.0  0.0  0.0  0.0
  0.0  0.0  0.0  0.0  0.0  0.0  0.0
  0.0  0.0  0.0  0.0  0.0  0.0  0.0
  0.0  0.0  0.0  0.0  0.0  0.0  0.0
 calipso_tot_backscatter (2341)
   1    0.115968E-04
   2    0.607954E-05
   3    0.123927E-05
   4    0.122304E-05
   5    0.120660E-05
   6    0.118704E-05
   7    0.116421E-05
   8    0.113621E-05
   9    0.110378E-05
  10    0.106919E-05
  11    0.103234E-05
  12    0.994286E-06
  13    0.954577E-06
  14    0.912808E-06
  15    0.868057E-06
  16    0.818474E-06
  17    0.771380E-06
  18    0.722227E-06
  19    0.674288E-06
  20    0.626004E-06
  21    0.578045E-06
  22    0.530462E-06
  23    0.484134E-06
  24    0.437112E-06
  25    0.383885E-06
  26    0.329651E-06
  27    0.279896E-06
  28    0.235242E-06
  29    0.194923E-06
  30    0.158998E-06
  31    0.128156E-06
  32    0.101094E-06
  33    0.775534E-07
  34    0.577761E-07
  35    0.412533E-07
  36    0.273262E-07
  37    0.154353E-07
  38    0.602225E-08
 low/mid/high-level cloud mask/value (2321-2323, 2344-2346)
  1.0  0.0  1.0  0.0  1.0  0.0
 on 40 levels: 
 cf mask/liq/ice/undet and cfad_sr_backscatter_bins (2325, 2473-2475 and 2370)
   1  1.0  0.0  0.0  0.0  0.0  1.0  0.0  0.0  0.0  0.0  0.0  0.0  0.0  0.0  0.0  0.0  0.0  0.0  0.0
   2  1.0  0.0  0.0  0.0  0.0  1.0  0.0  0.0  0.0  0.0  0.0  0.0  0.0  0.0  0.0  0.0  0.0  0.0  0.0
   3  1.0  0.0  0.0  0.0  0.0  1.0  0.0  0.0  0.0  0.0  0.0  0.0  0.0  0.0  0.0  0.0  0.0  0.0  0.0
   4  1.0  0.0  0.0  0.0  0.0  1.0  0.0  0.0  0.0  0.0  0.0  0.0  0.0  0.0  0.0  0.0  0.0  0.0  0.0
   5  1.0  0.0  0.0  0.0  0.0  1.0  0.0  0.0  0.0  0.0  0.0  0.0  0.0  0.0  0.0  0.0  0.0  0.0  0.0
   6  1.0  0.0  0.0  0.0  0.0  1.0  0.0  0.0  0.0  0.0  0.0  0.0  0.0  0.0  0.0  0.0  0.0  0.0  0.0
   7  1.0  0.0  0.0  0.0  0.0  1.0  0.0  0.0  0.0  0.0  0.0  0.0  0.0  0.0  0.0  0.0  0.0  0.0  0.0
   8  1.0  0.0  0.0  0.0  0.0  1.0  0.0  0.0  0.0  0.0  0.0  0.0  0.0  0.0  0.0  0.0  0.0  0.0  0.0
   9  1.0  0.0  0.0  0.0  0.0  1.0  0.0  0.0  0.0  0.0  0.0  0.0  0.0  0.0  0.0  0.0  0.0  0.0  0.0
  10  1.0  0.0  0.0  0.0  0.0  1.0  0.0  0.0  0.0  0.0  0.0  0.0  0.0  0.0  0.0  0.0  0.0  0.0  0.0
  11  1.0  0.0  0.0  0.0  0.0  1.0  0.0  0.0  0.0  0.0  0.0  0.0  0.0  0.0  0.0  0.0  0.0  0.0  0.0
  12  1.0  0.0  0.0  0.0  0.0  1.0  0.0  0.0  0.0  0.0  0.0  0.0  0.0  0.0  0.0  0.0  0.0  0.0  0.0
  13  1.0  0.0  0.0  0.0  0.0  1.0  0.0  0.0  0.0  0.0  0.0  0.0  0.0  0.0  0.0  0.0  0.0  0.0  0.0
  14  1.0  0.0  0.0  0.0  0.0  1.0  0.0  0.0  0.0  0.0  0.0  0.0  0.0  0.0  0.0  0.0  0.0  0.0  0.0
  15  1.0  0.0  0.0  0.0  0.0  1.0  0.0  0.0  0.0  0.0  0.0  0.0  0.0  0.0  0.0  0.0  0.0  0.0  0.0
  16  1.0  0.0  0.0  0.0  0.0  1.0  0.0  0.0  0.0  0.0  0.0  0.0  0.0  0.0  0.0  0.0  0.0  0.0  0.0
  17  1.0  0.0  0.0  0.0  0.0  1.0  0.0  0.0  0.0  0.0  0.0  0.0  0.0  0.0  0.0  0.0  0.0  0.0  0.0
  18  1.0  0.0  0.0  0.0  0.0  1.0  0.0  0.0  0.0  0.0  0.0  0.0  0.0  0.0  0.0  0.0  0.0  0.0  0.0
  19  1.0  0.0  0.0  0.0  0.0  1.0  0.0  0.0  0.0  0.0  0.0  0.0  0.0  0.0  0.0  0.0  0.0  0.0  0.0
  20  1.0  0.0  0.0  0.0  0.0  1.0  0.0  0.0  0.0  0.0  0.0  0.0  0.0  0.0  0.0  0.0  0.0  0.0  0.0
  21  1.0  0.0  0.0  0.0  0.0  1.0  0.0  0.0  0.0  0.0  0.0  0.0  0.0  0.0  0.0  0.0  0.0  0.0  0.0
  22  1.0  0.0  0.0  0.0  0.0  1.0  0.0  0.0  0.0  0.0  0.0  0.0  0.0  0.0  0.0  0.0  0.0  0.0  0.0
  23  1.0  0.0  0.0  0.0  0.0  1.0  0.0  0.0  0.0  0.0  0.0  0.0  0.0  0.0  0.0  0.0  0.0  0.0  0.0
  24  1.0  0.0  0.0  0.0  0.0  1.0  0.0  0.0  0.0  0.0  0.0  0.0  0.0  0.0  0.0  0.0  0.0  0.0  0.0
  25  1.0  0.0  0.0  0.0  0.0  1.0  0.0  0.0  0.0  0.0  0.0  0.0  0.0  0.0  0.0  0.0  0.0  0.0  0.0
  26  1.0  0.0  0.0  0.0  0.0  1.0  0.0  0.0  0.0  0.0  0.0  0.0  0.0  0.0  0.0  0.0  0.0  0.0  0.0
  27  1.0  0.0  0.0  0.0  0.0  1.0  0.0  0.0  0.0  0.0  0.0  0.0  0.0  0.0  0.0  0.0  0.0  0.0  0.0
  28  1.0  0.0  0.0  0.0  0.0  1.0  0.0  0.0  0.0  0.0  0.0  0.0  0.0  0.0  0.0  0.0  0.0  0.0  0.0
  29  1.0  0.0  0.0  0.0  0.0  1.0  0.0  0.0  0.0  0.0  0.0  0.0  0.0  0.0  0.0  0.0  0.0  0.0  0.0
  30  1.0  0.0  0.0  0.0  0.0  1.0  0.0  0.0  0.0  0.0  0.0  0.0  0.0  0.0  0.0  0.0  0.0  0.0  0.0
  31  1.0  0.0  0.0  0.0  0.0  1.0  0.0  0.0  0.0  0.0  0.0  0.0  0.0  0.0  0.0  0.0  0.0  0.0  0.0
  32  1.0  0.0  0.0  0.0  0.0  1.0  0.0  0.0  0.0  0.0  0.0  0.0  0.0  0.0  0.0  0.0  0.0  0.0  0.0
  33  1.0  0.0  0.0  0.0  0.0  1.0  0.0  0.0  0.0  0.0  0.0  0.0  0.0  0.0  0.0  0.0  0.0  0.0  0.0
  34  1.0  0.0  0.0  0.0  0.0  1.0  0.0  0.0  0.0  0.0  0.0  0.0  0.0  0.0  0.0  0.0  0.0  0.0  0.0
  35  1.0  0.0  0.0  0.0  0.0  1.0  0.0  0.0  0.0  0.0  0.0  0.0  0.0  0.0  0.0  0.0  0.0  0.0  0.0
  36  1.0  0.0  0.0  0.0  0.0  1.0  0.0  0.0  0.0  0.0  0.0  0.0  0.0  0.0  0.0  0.0  0.0  0.0  0.0
  37  1.0  0.0  0.0  0.0  0.0  1.0  0.0  0.0  0.0  0.0  0.0  0.0  0.0  0.0  0.0  0.0  0.0  0.0  0.0
  38  1.0  0.0  0.0  0.0  0.0  1.0  0.0  0.0  0.0  0.0  0.0  0.0  0.0  0.0  0.0  0.0  0.0  0.0  0.0
  39  1.0  0.0  0.0  0.0  0.0  1.0  0.0  0.0  0.0  0.0  0.0  0.0  0.0  0.0  0.0  0.0  0.0  0.0  0.0
  40  1.0  0.0  0.0  0.0  0.0  0.0  0.0  1.0  0.0  0.0  0.0  0.0  0.0  0.0  0.0  0.0  0.0  0.0  0.0
 weighted cloud_albedo (2331)
  -0.0000000000000000     
 weighted ctp (2333)
  -0.0000000000000000     
 weighted total cloud area (2334)
   0.0000000000000000     
 on model levels: calipso_mol_backscatter (2340)
   1    0.127173E-05
   2    0.125931E-05
   3    0.123927E-05
   4    0.122304E-05
   5    0.120660E-05
   6    0.118704E-05
   7    0.116421E-05
   8    0.113621E-05
   9    0.110378E-05
  10    0.106919E-05
  11    0.103234E-05
  12    0.994286E-06
  13    0.954577E-06
  14    0.912808E-06
  15    0.868057E-06
  16    0.818474E-06
  17    0.771380E-06
  18    0.722227E-06
  19    0.674288E-06
  20    0.626004E-06
  21    0.578045E-06
  22    0.530462E-06
  23    0.484134E-06
  24    0.437112E-06
  25    0.383885E-06
  26    0.329651E-06
  27    0.279896E-06
  28    0.235242E-06
  29    0.194923E-06
  30    0.158998E-06
  31    0.128156E-06
  32    0.101094E-06
  33    0.775534E-07
  34    0.577761E-07
  35    0.412533E-07
  36    0.273262E-07
  37    0.154353E-07
  38    0.602225E-08
 on model levels: gbx mean cloudsat ze (2353)
   1    0.000000E+00
   2    0.000000E+00
   3    0.000000E+00
   4    0.000000E+00
   5    0.000000E+00
   6    0.000000E+00
   7    0.000000E+00
   8    0.000000E+00
   9    0.000000E+00
  10    0.000000E+00
  11    0.000000E+00
  12    0.000000E+00
  13    0.000000E+00
  14    0.431690E-09
  15    0.253239E-08
  16    0.000000E+00
  17    0.000000E+00
  18    0.000000E+00
  19    0.000000E+00
  20    0.000000E+00
  21    0.000000E+00
  22    0.455239E-04
  23    0.161288E-04
  24    0.651826E-05
  25    0.278713E-05
  26    0.122919E-05
  27    0.251953E-10
  28    0.254017E-10
  29    0.267802E-10
  30    0.267351E-10
  31    0.265394E-10
  32    0.269588E-10
  33    0.264132E-10
  34    0.258630E-10
  35    0.253702E-10
  36    0.391545E-10
  37    0.137665E-06
  38    0.156181E-05
 on 40 levels: gbx mean cloudsat ze (2354)
   1    0.267446E-10
   2    0.267802E-10
   3    0.267802E-10
   4    0.261194E-10
   5    0.254017E-10
   6    0.254017E-10
   7    0.252101E-10
   8    0.251953E-10
   9    0.871776E-08
  10    0.122919E-05
  11    0.154787E-05
  12    0.278713E-05
  13    0.308880E-05
  14    0.651826E-05
  15    0.679523E-05
  16    0.161288E-04
  17    0.170843E-04
  18    0.455239E-04
  19    0.000000E+00
  20    0.000000E+00
  21    0.000000E+00
  22    0.000000E+00
  23    0.000000E+00
  24    0.000000E+00
  25    0.000000E+00
  26    0.000000E+00
  27    0.000000E+00
  28    0.000000E+00
  29    0.000000E+00
  30    0.192588E-08
  31    0.431690E-09
  32    0.000000E+00
  33    0.000000E+00
  34    0.000000E+00
  35    0.000000E+00
  36    0.000000E+00
  37    0.000000E+00
  38    0.000000E+00
  39    0.000000E+00
  40    0.000000E+00
 on model levels: gbx mean calipso atb (2355)
   1    0.115968E-04
   2    0.607954E-05
   3    0.123927E-05
   4    0.122304E-05
   5    0.120660E-05
   6    0.118704E-05
   7    0.116421E-05
   8    0.113621E-05
   9    0.110378E-05
  10    0.106919E-05
  11    0.103234E-05
  12    0.994286E-06
  13    0.954577E-06
  14    0.912808E-06
  15    0.868057E-06
  16    0.818474E-06
  17    0.771380E-06
  18    0.722227E-06
  19    0.674288E-06
  20    0.626004E-06
  21    0.578045E-06
  22    0.530462E-06
  23    0.484134E-06
  24    0.437112E-06
  25    0.383885E-06
  26    0.329651E-06
  27    0.279896E-06
  28    0.235242E-06
  29    0.194923E-06
  30    0.158998E-06
  31    0.128156E-06
  32    0.101094E-06
  33    0.775534E-07
  34    0.577761E-07
  35    0.412533E-07
  36    0.273262E-07
  37    0.154353E-07
  38    0.602225E-08
 on 40 levels: gbx mean calipso atb (2356)
   1    0.114199E-05
   2    0.117740E-05
   3    0.194923E-06
   4    0.213988E-06
   5    0.235242E-06
   6    0.235242E-06
   7    0.276693E-06
   8    0.279896E-06
   9    0.306842E-06
  10    0.329651E-06
  11    0.344923E-06
  12    0.383885E-06
  13    0.390324E-06
  14    0.437112E-06
  15    0.439272E-06
  16    0.484134E-06
  17    0.486704E-06
  18    0.530462E-06
  19    0.537569E-06
  20    0.578045E-06
  21    0.593750E-06
  22    0.626004E-06
  23    0.654471E-06
  24    0.674288E-06
  25    0.719137E-06
  26    0.740176E-06
  27    0.771380E-06
  28    0.812745E-06
  29    0.842022E-06
  30    0.874982E-06
  31    0.912808E-06
  32    0.951139E-06
  33    0.984901E-06
  34    0.102064E-05
  35    0.105829E-05
  36    0.109681E-05
  37    0.114199E-05
  38    0.117740E-05
  39    0.121652E-05
  40    0.574470E-05
 on 40 levels: calipso_mol_backscatter (2357)
   1    0.166544E-06
   2    0.194923E-06
   3    0.194923E-06
   4    0.213988E-06
   5    0.235242E-06
   6    0.235242E-06
   7    0.276693E-06
   8    0.279896E-06
   9    0.306842E-06
  10    0.329651E-06
  11    0.344923E-06
  12    0.383885E-06
  13    0.390324E-06
  14    0.437112E-06
  15    0.439272E-06
  16    0.484134E-06
  17    0.486704E-06
  18    0.530462E-06
  19    0.537569E-06
  20    0.578045E-06
  21    0.593750E-06
  22    0.626004E-06
  23    0.654471E-06
  24    0.674288E-06
  25    0.719137E-06
  26    0.740176E-06
  27    0.771380E-06
  28    0.812745E-06
  29    0.842022E-06
  30    0.874982E-06
  31    0.912808E-06
  32    0.951139E-06
  33    0.984901E-06
  34    0.102064E-05
  35    0.105829E-05
  36    0.109681E-05
  37    0.114199E-05
  38    0.117740E-05
  39    0.121652E-05
  40    0.125526E-05
 on model levels: calipso+cloudsat cloud (2358)
   1    0.100000E+01
   2    0.100000E+01
   3    0.000000E+00
   4    0.000000E+00
   5    0.000000E+00
   6    0.000000E+00
   7    0.000000E+00
   8    0.000000E+00
   9    0.000000E+00
  10    0.000000E+00
  11    0.000000E+00
  12    0.000000E+00
  13    0.000000E+00
  14    0.000000E+00
  15    0.000000E+00
  16    0.000000E+00
  17    0.000000E+00
  18    0.000000E+00
  19    0.000000E+00
  20    0.000000E+00
  21    0.000000E+00
  22    0.000000E+00
  23    0.000000E+00
  24    0.000000E+00
  25    0.000000E+00
  26    0.000000E+00
  27    0.000000E+00
  28    0.000000E+00
  29    0.000000E+00
  30    0.000000E+00
  31    0.000000E+00
  32    0.000000E+00
  33    0.000000E+00
  34    0.000000E+00
  35    0.000000E+00
  36    0.000000E+00
  37    0.000000E+00
  38    0.000000E+00
 on 40 levels: calipso+cloudsat cloud (2359)
   1    0.000000E+00
   2    0.000000E+00
   3    0.000000E+00
   4    0.000000E+00
   5    0.000000E+00
   6    0.000000E+00
   7    0.000000E+00
   8    0.000000E+00
   9    0.000000E+00
  10    0.000000E+00
  11    0.000000E+00
  12    0.000000E+00
  13    0.000000E+00
  14    0.000000E+00
  15    0.000000E+00
  16    0.000000E+00
  17    0.000000E+00
  18    0.000000E+00
  19    0.000000E+00
  20    0.000000E+00
  21    0.000000E+00
  22    0.000000E+00
  23    0.000000E+00
  24    0.000000E+00
  25    0.000000E+00
  26    0.000000E+00
  27    0.000000E+00
  28    0.000000E+00
  29    0.000000E+00
  30    0.000000E+00
  31    0.000000E+00
  32    0.000000E+00
  33    0.000000E+00
  34    0.000000E+00
  35    0.000000E+00
  36    0.000000E+00
  37    0.000000E+00
  38    0.000000E+00
  39    0.000000E+00
  40    0.100000E+01
 on 40 levels: calipso cloud area (2371)
           1   0.0000000000000000     
           2   0.0000000000000000     
           3   0.0000000000000000     
           4   0.0000000000000000     
           5   0.0000000000000000     
           6   0.0000000000000000     
           7   0.0000000000000000     
           8   0.0000000000000000     
           9   0.0000000000000000     
          10   0.0000000000000000     
          11   0.0000000000000000     
          12   0.0000000000000000     
          13   0.0000000000000000     
          14   0.0000000000000000     
          15   0.0000000000000000     
          16   0.0000000000000000     
          17   0.0000000000000000     
          18   0.0000000000000000     
          19   0.0000000000000000     
          20   0.0000000000000000     
          21   0.0000000000000000     
          22   0.0000000000000000     
          23   0.0000000000000000     
          24   0.0000000000000000     
          25   0.0000000000000000     
          26   0.0000000000000000     
          27   0.0000000000000000     
          28   0.0000000000000000     
          29   0.0000000000000000     
          30   0.0000000000000000     
          31   0.0000000000000000     
          32   0.0000000000000000     
          33   0.0000000000000000     
          34   0.0000000000000000     
          35   0.0000000000000000     
          36   0.0000000000000000     
          37   0.0000000000000000     
          38   0.0000000000000000     
          39   0.0000000000000000     
          40   0.0000000000000000     
 on 40 levels: cloudsat cfad ze (2372)
   1  0.0  0.0  0.0  0.0  0.0  0.0  0.0  0.0  0.0  0.0  0.0  0.0  0.0  0.0  0.0
   2  0.0  0.0  0.0  0.0  0.0  0.0  0.0  0.0  0.0  0.0  0.0  0.0  0.0  0.0  0.0
   3  0.0  0.0  0.0  0.0  0.0  0.0  0.0  0.0  0.0  0.0  0.0  0.0  0.0  0.0  0.0
   4  0.0  0.0  0.0  0.0  0.0  0.0  0.0  0.0  0.0  0.0  0.0  0.0  0.0  0.0  0.0
   5  0.0  0.0  0.0  0.0  0.0  0.0  0.0  0.0  0.0  0.0  0.0  0.0  0.0  0.0  0.0
   6  0.0  0.0  0.0  0.0  0.0  0.0  0.0  0.0  0.0  0.0  0.0  0.0  0.0  0.0  0.0
   7  0.0  0.0  0.0  0.0  0.0  0.0  0.0  0.0  0.0  0.0  0.0  0.0  0.0  0.0  0.0
   8  0.0  0.0  0.0  0.0  0.0  0.0  0.0  0.0  0.0  0.0  0.0  0.0  0.0  0.0  0.0
   9  0.0  0.0  0.0  0.0  0.0  0.0  0.0  0.0  0.0  0.0  0.0  0.0  0.0  0.0  0.0
  10  0.0  0.0  0.0  0.0  0.0  0.0  0.0  0.0  0.0  0.0  0.0  0.0  0.0  0.0  0.0
  11  1.0  0.0  0.0  0.0  0.0  0.0  0.0  0.0  0.0  0.0  0.0  0.0  0.0  0.0  0.0
  12  1.0  0.0  0.0  0.0  0.0  0.0  0.0  0.0  0.0  0.0  0.0  0.0  0.0  0.0  0.0
  13  1.0  0.0  0.0  0.0  0.0  0.0  0.0  0.0  0.0  0.0  0.0  0.0  0.0  0.0  0.0
  14  1.0  0.0  0.0  0.0  0.0  0.0  0.0  0.0  0.0  0.0  0.0  0.0  0.0  0.0  0.0
  15  1.0  0.0  0.0  0.0  0.0  0.0  0.0  0.0  0.0  0.0  0.0  0.0  0.0  0.0  0.0
  16  0.0  0.0  0.0  0.0  0.0  0.0  0.0  0.0  0.0  0.0  0.0  0.0  0.0  0.0  0.0
  17  0.0  0.0  0.0  0.0  0.0  0.0  0.0  0.0  0.0  0.0  0.0  0.0  0.0  0.0  0.0
  18  0.0  0.0  0.0  0.0  0.0  0.0  0.0  0.0  0.0  0.0  0.0  0.0  0.0  0.0  0.0
  19  0.0  0.0  0.0  0.0  0.0  0.0  0.0  0.0  0.0  0.0  0.0  0.0  0.0  0.0  0.0
  20  0.0  0.0  0.0  0.0  0.0  0.0  0.0  0.0  0.0  0.0  0.0  0.0  0.0  0.0  0.0
  21  0.0  0.0  0.0  0.0  0.0  0.0  0.0  0.0  0.0  0.0  0.0  0.0  0.0  0.0  0.0
  22  0.0  0.0  0.0  0.0  0.0  0.0  0.0  0.0  0.0  0.0  0.0  0.0  0.0  0.0  0.0
  23  0.0  0.0  0.0  0.0  0.0  0.0  0.0  0.0  0.0  0.0  0.0  0.0  0.0  0.0  0.0
  24  0.0  0.0  0.0  0.0  0.0  0.0  0.0  0.0  0.0  0.0  0.0  0.0  0.0  0.0  0.0
  25  0.0  0.0  0.0  0.0  0.0  0.0  0.0  0.0  0.0  0.0  0.0  0.0  0.0  0.0  0.0
  26  1.0  0.0  0.0  0.0  0.0  0.0  0.0  0.0  0.0  0.0  0.0  0.0  0.0  0.0  0.0
  27  0.0  1.0  0.0  0.0  0.0  0.0  0.0  0.0  0.0  0.0  0.0  0.0  0.0  0.0  0.0
  28  1.0  0.0  0.0  0.0  0.0  0.0  0.0  0.0  0.0  0.0  0.0  0.0  0.0  0.0  0.0
  29  1.0  0.0  0.0  0.0  0.0  0.0  0.0  0.0  0.0  0.0  0.0  0.0  0.0  0.0  0.0
  30  1.0  0.0  0.0  0.0  0.0  0.0  0.0  0.0  0.0  0.0  0.0  0.0  0.0  0.0  0.0
  31  1.0  0.0  0.0  0.0  0.0  0.0  0.0  0.0  0.0  0.0  0.0  0.0  0.0  0.0  0.0
  32  1.0  0.0  0.0  0.0  0.0  0.0  0.0  0.0  0.0  0.0  0.0  0.0  0.0  0.0  0.0
  33  1.0  0.0  0.0  0.0  0.0  0.0  0.0  0.0  0.0  0.0  0.0  0.0  0.0  0.0  0.0
  34  0.0  0.0  0.0  0.0  0.0  0.0  0.0  0.0  0.0  0.0  0.0  0.0  0.0  0.0  0.0
  35  0.0  0.0  0.0  0.0  0.0  0.0  0.0  0.0  0.0  0.0  0.0  0.0  0.0  0.0  0.0
  36  0.0  0.0  0.0  0.0  0.0  0.0  0.0  0.0  0.0  0.0  0.0  0.0  0.0  0.0  0.0
  37  0.0  0.0  0.0  0.0  0.0  0.0  0.0  0.0  0.0  0.0  0.0  0.0  0.0  0.0  0.0
  38  0.0  0.0  0.0  0.0  0.0  0.0  0.0  0.0  0.0  0.0  0.0  0.0  0.0  0.0  0.0
  39  0.0  0.0  0.0  0.0  0.0  0.0  0.0  0.0  0.0  0.0  0.0  0.0  0.0  0.0  0.0
  40  1.0  0.0  0.0  0.0  0.0  0.0  0.0  0.0  0.0  0.0  0.0  0.0  0.0  0.0  0.0
 profile:          131
 cloud_weights (2330)
   1.0000000000000000     
 ctp_tau_histogram (2337)
  0.0  0.0  0.0  0.0  0.0  0.0  0.0
  0.0  0.0  0.0  0.0  0.0  0.0  0.0
  0.0  0.0  0.0  0.0  0.0  0.0  0.0
  0.0  0.0  0.0  0.0  0.0  0.0  0.0
  0.0  0.0  0.0  0.0  0.0  0.0  0.0
  0.0  0.0  0.0  0.0  0.0  0.0  0.0
  0.0  0.0  0.0  0.0  0.0  0.0  0.0
 calipso_tot_backscatter (2341)
   1    0.123108E-05
   2    0.121764E-05
   3    0.120129E-05
   4    0.118665E-05
   5    0.117132E-05
   6    0.115467E-05
   7    0.113499E-05
   8    0.155766E-05
   9    0.147725E-05
  10    0.106218E-05
  11    0.102782E-05
  12    0.989490E-06
  13    0.948206E-06
  14    0.905846E-06
  15    0.860829E-06
  16    0.813943E-06
  17    0.767643E-06
  18    0.721079E-06
  19    0.674968E-06
  20    0.627455E-06
  21    0.579064E-06
  22    0.528992E-06
  23    0.474389E-06
  24    0.413974E-06
  25    0.357644E-06
  26    0.308336E-06
  27    0.264595E-06
  28    0.224905E-06
  29    0.188597E-06
  30    0.155167E-06
  31    0.125569E-06
  32    0.997729E-07
  33    0.771305E-07
  34    0.577464E-07
  35    0.411698E-07
  36    0.272161E-07
  37    0.154051E-07
  38    0.603197E-08
 low/mid/high-level cloud mask/value (2321-2323, 2344-2346)
  1.0  0.0  1.0  0.0  1.0  0.0
 on 40 levels: 
 cf mask/liq/ice/undet and cfad_sr_backscatter_bins (2325, 2473-2475 and 2370)
   1  1.0  0.0  0.0  0.0  0.0  1.0  0.0  0.0  0.0  0.0  0.0  0.0  0.0  0.0  0.0  0.0  0.0  0.0  0.0
   2  1.0  0.0  0.0  0.0  0.0  1.0  0.0  0.0  0.0  0.0  0.0  0.0  0.0  0.0  0.0  0.0  0.0  0.0  0.0
   3  1.0  0.0  0.0  0.0  0.0  1.0  0.0  0.0  0.0  0.0  0.0  0.0  0.0  0.0  0.0  0.0  0.0  0.0  0.0
   4  1.0  0.0  0.0  0.0  0.0  1.0  0.0  0.0  0.0  0.0  0.0  0.0  0.0  0.0  0.0  0.0  0.0  0.0  0.0
   5  1.0  0.0  0.0  0.0  0.0  1.0  0.0  0.0  0.0  0.0  0.0  0.0  0.0  0.0  0.0  0.0  0.0  0.0  0.0
   6  1.0  0.0  0.0  0.0  0.0  1.0  0.0  0.0  0.0  0.0  0.0  0.0  0.0  0.0  0.0  0.0  0.0  0.0  0.0
   7  1.0  0.0  0.0  0.0  0.0  1.0  0.0  0.0  0.0  0.0  0.0  0.0  0.0  0.0  0.0  0.0  0.0  0.0  0.0
   8  1.0  0.0  0.0  0.0  0.0  1.0  0.0  0.0  0.0  0.0  0.0  0.0  0.0  0.0  0.0  0.0  0.0  0.0  0.0
   9  1.0  0.0  0.0  0.0  0.0  1.0  0.0  0.0  0.0  0.0  0.0  0.0  0.0  0.0  0.0  0.0  0.0  0.0  0.0
  10  1.0  0.0  0.0  0.0  0.0  1.0  0.0  0.0  0.0  0.0  0.0  0.0  0.0  0.0  0.0  0.0  0.0  0.0  0.0
  11  1.0  0.0  0.0  0.0  0.0  1.0  0.0  0.0  0.0  0.0  0.0  0.0  0.0  0.0  0.0  0.0  0.0  0.0  0.0
  12  1.0  0.0  0.0  0.0  0.0  1.0  0.0  0.0  0.0  0.0  0.0  0.0  0.0  0.0  0.0  0.0  0.0  0.0  0.0
  13  1.0  0.0  0.0  0.0  0.0  1.0  0.0  0.0  0.0  0.0  0.0  0.0  0.0  0.0  0.0  0.0  0.0  0.0  0.0
  14  1.0  0.0  0.0  0.0  0.0  1.0  0.0  0.0  0.0  0.0  0.0  0.0  0.0  0.0  0.0  0.0  0.0  0.0  0.0
  15  1.0  0.0  0.0  0.0  0.0  1.0  0.0  0.0  0.0  0.0  0.0  0.0  0.0  0.0  0.0  0.0  0.0  0.0  0.0
  16  1.0  0.0  0.0  0.0  0.0  1.0  0.0  0.0  0.0  0.0  0.0  0.0  0.0  0.0  0.0  0.0  0.0  0.0  0.0
  17  1.0  0.0  0.0  0.0  0.0  1.0  0.0  0.0  0.0  0.0  0.0  0.0  0.0  0.0  0.0  0.0  0.0  0.0  0.0
  18  1.0  0.0  0.0  0.0  0.0  1.0  0.0  0.0  0.0  0.0  0.0  0.0  0.0  0.0  0.0  0.0  0.0  0.0  0.0
  19  1.0  0.0  0.0  0.0  0.0  1.0  0.0  0.0  0.0  0.0  0.0  0.0  0.0  0.0  0.0  0.0  0.0  0.0  0.0
  20  1.0  0.0  0.0  0.0  0.0  1.0  0.0  0.0  0.0  0.0  0.0  0.0  0.0  0.0  0.0  0.0  0.0  0.0  0.0
  21  1.0  0.0  0.0  0.0  0.0  1.0  0.0  0.0  0.0  0.0  0.0  0.0  0.0  0.0  0.0  0.0  0.0  0.0  0.0
  22  1.0  0.0  0.0  0.0  0.0  1.0  0.0  0.0  0.0  0.0  0.0  0.0  0.0  0.0  0.0  0.0  0.0  0.0  0.0
  23  1.0  0.0  0.0  0.0  0.0  1.0  0.0  0.0  0.0  0.0  0.0  0.0  0.0  0.0  0.0  0.0  0.0  0.0  0.0
  24  1.0  0.0  0.0  0.0  0.0  1.0  0.0  0.0  0.0  0.0  0.0  0.0  0.0  0.0  0.0  0.0  0.0  0.0  0.0
  25  1.0  0.0  0.0  0.0  0.0  1.0  0.0  0.0  0.0  0.0  0.0  0.0  0.0  0.0  0.0  0.0  0.0  0.0  0.0
  26  1.0  0.0  0.0  0.0  0.0  1.0  0.0  0.0  0.0  0.0  0.0  0.0  0.0  0.0  0.0  0.0  0.0  0.0  0.0
  27  1.0  0.0  0.0  0.0  0.0  1.0  0.0  0.0  0.0  0.0  0.0  0.0  0.0  0.0  0.0  0.0  0.0  0.0  0.0
  28  1.0  0.0  0.0  0.0  0.0  1.0  0.0  0.0  0.0  0.0  0.0  0.0  0.0  0.0  0.0  0.0  0.0  0.0  0.0
  29  1.0  0.0  0.0  0.0  0.0  1.0  0.0  0.0  0.0  0.0  0.0  0.0  0.0  0.0  0.0  0.0  0.0  0.0  0.0
  30  1.0  0.0  0.0  0.0  0.0  1.0  0.0  0.0  0.0  0.0  0.0  0.0  0.0  0.0  0.0  0.0  0.0  0.0  0.0
  31  1.0  0.0  0.0  0.0  0.0  1.0  0.0  0.0  0.0  0.0  0.0  0.0  0.0  0.0  0.0  0.0  0.0  0.0  0.0
  32  1.0  0.0  0.0  0.0  0.0  1.0  0.0  0.0  0.0  0.0  0.0  0.0  0.0  0.0  0.0  0.0  0.0  0.0  0.0
  33  1.0  0.0  0.0  0.0  0.0  1.0  0.0  0.0  0.0  0.0  0.0  0.0  0.0  0.0  0.0  0.0  0.0  0.0  0.0
  34  1.0  0.0  0.0  0.0  0.0  1.0  0.0  0.0  0.0  0.0  0.0  0.0  0.0  0.0  0.0  0.0  0.0  0.0  0.0
  35  1.0  0.0  0.0  0.0  0.0  1.0  0.0  0.0  0.0  0.0  0.0  0.0  0.0  0.0  0.0  0.0  0.0  0.0  0.0
  36  1.0  0.0  0.0  0.0  0.0  0.0  1.0  0.0  0.0  0.0  0.0  0.0  0.0  0.0  0.0  0.0  0.0  0.0  0.0
  37  1.0  0.0  0.0  0.0  0.0  1.0  0.0  0.0  0.0  0.0  0.0  0.0  0.0  0.0  0.0  0.0  0.0  0.0  0.0
  38  1.0  0.0  0.0  0.0  0.0  1.0  0.0  0.0  0.0  0.0  0.0  0.0  0.0  0.0  0.0  0.0  0.0  0.0  0.0
  39  1.0  0.0  0.0  0.0  0.0  1.0  0.0  0.0  0.0  0.0  0.0  0.0  0.0  0.0  0.0  0.0  0.0  0.0  0.0
  40  1.0  0.0  0.0  0.0  0.0  1.0  0.0  0.0  0.0  0.0  0.0  0.0  0.0  0.0  0.0  0.0  0.0  0.0  0.0
 weighted cloud_albedo (2331)
  -0.0000000000000000     
 weighted ctp (2333)
  -0.0000000000000000     
 weighted total cloud area (2334)
   0.0000000000000000     
 on model levels: calipso_mol_backscatter (2340)
   1    0.124032E-05
   2    0.122678E-05
   3    0.121031E-05
   4    0.119556E-05
   5    0.118011E-05
   6    0.116334E-05
   7    0.114352E-05
   8    0.111989E-05
   9    0.109264E-05
  10    0.106218E-05
  11    0.102782E-05
  12    0.989490E-06
  13    0.948206E-06
  14    0.905846E-06
  15    0.860829E-06
  16    0.813943E-06
  17    0.767643E-06
  18    0.721079E-06
  19    0.674968E-06
  20    0.627455E-06
  21    0.579064E-06
  22    0.528992E-06
  23    0.474389E-06
  24    0.413974E-06
  25    0.357644E-06
  26    0.308336E-06
  27    0.264595E-06
  28    0.224905E-06
  29    0.188597E-06
  30    0.155167E-06
  31    0.125569E-06
  32    0.997729E-07
  33    0.771305E-07
  34    0.577464E-07
  35    0.411698E-07
  36    0.272161E-07
  37    0.154051E-07
  38    0.603197E-08
 on model levels: gbx mean cloudsat ze (2353)
   1    0.000000E+00
   2    0.000000E+00
   3    0.000000E+00
   4    0.000000E+00
   5    0.000000E+00
   6    0.000000E+00
   7    0.000000E+00
   8    0.000000E+00
   9    0.000000E+00
  10    0.000000E+00
  11    0.000000E+00
  12    0.000000E+00
  13    0.000000E+00
  14    0.000000E+00
  15    0.000000E+00
  16    0.000000E+00
  17    0.225577E-04
  18    0.558570E-04
  19    0.878642E-05
  20    0.161572E-05
  21    0.294588E-06
  22    0.600062E-07
  23    0.128685E-07
  24    0.290056E-08
  25    0.718605E-09
  26    0.185749E-09
  27    0.524447E-10
  28    0.155889E-15
  29    0.462132E-08
  30    0.603381E-10
  31    0.104389E-09
  32    0.000000E+00
  33    0.000000E+00
  34    0.000000E+00
  35    0.000000E+00
  36    0.000000E+00
  37    0.000000E+00
  38    0.000000E+00
 on 40 levels: gbx mean cloudsat ze (2354)
   1    0.150089E-09
   2    0.462132E-08
   3    0.462132E-08
   4    0.135407E-11
   5    0.155889E-15
   6    0.155889E-15
   7    0.217482E-10
   8    0.524447E-10
   9    0.105304E-09
  10    0.185749E-09
  11    0.279534E-09
  12    0.718605E-09
  13    0.892980E-09
  14    0.290056E-08
  15    0.335567E-08
  16    0.128685E-07
  17    0.156492E-07
  18    0.600062E-07
  19    0.883067E-07
  20    0.294588E-06
  21    0.627776E-06
  22    0.161572E-05
  23    0.557806E-05
  24    0.106449E-04
  25    0.558570E-04
  26    0.336107E-04
  27    0.000000E+00
  28    0.000000E+00
  29    0.000000E+00
  30    0.000000E+00
  31    0.000000E+00
  32    0.000000E+00
  33    0.000000E+00
  34    0.000000E+00
  35    0.000000E+00
  36    0.000000E+00
  37    0.000000E+00
  38    0.000000E+00
  39    0.000000E+00
  40    0.000000E+00
 on model levels: gbx mean calipso atb (2355)
   1    0.123108E-05
   2    0.121764E-05
   3    0.120129E-05
   4    0.118665E-05
   5    0.117132E-05
   6    0.115467E-05
   7    0.113499E-05
   8    0.155766E-05
   9    0.147725E-05
  10    0.106218E-05
  11    0.102782E-05
  12    0.989490E-06
  13    0.948206E-06
  14    0.905846E-06
  15    0.860829E-06
  16    0.813943E-06
  17    0.767643E-06
  18    0.721079E-06
  19    0.674968E-06
  20    0.627455E-06
  21    0.579064E-06
  22    0.528992E-06
  23    0.474389E-06
  24    0.413974E-06
  25    0.357644E-06
  26    0.308336E-06
  27    0.264595E-06
  28    0.224905E-06
  29    0.188597E-06
  30    0.155167E-06
  31    0.125569E-06
  32    0.997729E-07
  33    0.771305E-07
  34    0.577464E-07
  35    0.411698E-07
  36    0.272161E-07
  37    0.154051E-07
  38    0.603197E-08
 on 40 levels: gbx mean calipso atb (2356)
   1    0.127193E-05
   2    0.116262E-05
   3    0.188597E-06
   4    0.205765E-06
   5    0.224905E-06
   6    0.224905E-06
   7    0.261850E-06
   8    0.264595E-06
   9    0.288706E-06
  10    0.308336E-06
  11    0.323233E-06
  12    0.357644E-06
  13    0.366414E-06
  14    0.413974E-06
  15    0.419884E-06
  16    0.474389E-06
  17    0.481327E-06
  18    0.528992E-06
  19    0.541151E-06
  20    0.579064E-06
  21    0.600576E-06
  22    0.627455E-06
  23    0.662220E-06
  24    0.679752E-06
  25    0.721079E-06
  26    0.747165E-06
  27    0.772303E-06
  28    0.813943E-06
  29    0.847915E-06
  30    0.880258E-06
  31    0.915222E-06
  32    0.952063E-06
  33    0.991310E-06
  34    0.103068E-05
  35    0.114535E-05
  36    0.150930E-05
  37    0.127193E-05
  38    0.116262E-05
  39    0.120050E-05
  40    0.123108E-05
 on 40 levels: calipso_mol_backscatter (2357)
   1    0.162189E-06
   2    0.188597E-06
   3    0.188597E-06
   4    0.205765E-06
   5    0.224905E-06
   6    0.224905E-06
   7    0.261850E-06
   8    0.264595E-06
   9    0.288706E-06
  10    0.308336E-06
  11    0.323233E-06
  12    0.357644E-06
  13    0.366414E-06
  14    0.413974E-06
  15    0.419884E-06
  16    0.474389E-06
  17    0.481327E-06
  18    0.528992E-06
  19    0.541151E-06
  20    0.579064E-06
  21    0.600576E-06
  22    0.627455E-06
  23    0.662220E-06
  24    0.679752E-06
  25    0.721079E-06
  26    0.747165E-06
  27    0.772303E-06
  28    0.813943E-06
  29    0.847915E-06
  30    0.880258E-06
  31    0.915222E-06
  32    0.952063E-06
  33    0.991310E-06
  34    0.103068E-05
  35    0.106828E-05
  36    0.110350E-05
  37    0.113665E-05
  38    0.117135E-05
  39    0.120952E-05
  40    0.124032E-05
 on model levels: calipso+cloudsat cloud (2358)
   1    0.000000E+00
   2    0.000000E+00
   3    0.000000E+00
   4    0.000000E+00
   5    0.000000E+00
   6    0.000000E+00
   7    0.000000E+00
   8    0.000000E+00
   9    0.000000E+00
  10    0.000000E+00
  11    0.000000E+00
  12    0.000000E+00
  13    0.000000E+00
  14    0.000000E+00
  15    0.000000E+00
  16    0.000000E+00
  17    0.000000E+00
  18    0.000000E+00
  19    0.000000E+00
  20    0.000000E+00
  21    0.000000E+00
  22    0.000000E+00
  23    0.000000E+00
  24    0.000000E+00
  25    0.000000E+00
  26    0.000000E+00
  27    0.000000E+00
  28    0.000000E+00
  29    0.000000E+00
  30    0.000000E+00
  31    0.000000E+00
  32    0.000000E+00
  33    0.000000E+00
  34    0.000000E+00
  35    0.000000E+00
  36    0.000000E+00
  37    0.000000E+00
  38    0.000000E+00
 on 40 levels: calipso+cloudsat cloud (2359)
   1    0.000000E+00
   2    0.000000E+00
   3    0.000000E+00
   4    0.000000E+00
   5    0.000000E+00
   6    0.000000E+00
   7    0.000000E+00
   8    0.000000E+00
   9    0.000000E+00
  10    0.000000E+00
  11    0.000000E+00
  12    0.000000E+00
  13    0.000000E+00
  14    0.000000E+00
  15    0.000000E+00
  16    0.000000E+00
  17    0.000000E+00
  18    0.000000E+00
  19    0.000000E+00
  20    0.000000E+00
  21    0.000000E+00
  22    0.000000E+00
  23    0.000000E+00
  24    0.000000E+00
  25    0.000000E+00
  26    0.000000E+00
  27    0.000000E+00
  28    0.000000E+00
  29    0.000000E+00
  30    0.000000E+00
  31    0.000000E+00
  32    0.000000E+00
  33    0.000000E+00
  34    0.000000E+00
  35    0.000000E+00
  36    0.000000E+00
  37    0.000000E+00
  38    0.000000E+00
  39    0.000000E+00
  40    0.000000E+00
 on 40 levels: calipso cloud area (2371)
           1   0.0000000000000000     
           2   0.0000000000000000     
           3   0.0000000000000000     
           4   0.0000000000000000     
           5   0.0000000000000000     
           6   0.0000000000000000     
           7   0.0000000000000000     
           8   0.0000000000000000     
           9   0.0000000000000000     
          10   0.0000000000000000     
          11   0.0000000000000000     
          12   0.0000000000000000     
          13   0.0000000000000000     
          14   0.0000000000000000     
          15   0.0000000000000000     
          16   0.0000000000000000     
          17   0.0000000000000000     
          18   0.0000000000000000     
          19   0.0000000000000000     
          20   0.0000000000000000     
          21   0.0000000000000000     
          22   0.0000000000000000     
          23   0.0000000000000000     
          24   0.0000000000000000     
          25   0.0000000000000000     
          26   0.0000000000000000     
          27   0.0000000000000000     
          28   0.0000000000000000     
          29   0.0000000000000000     
          30   0.0000000000000000     
          31   0.0000000000000000     
          32   0.0000000000000000     
          33   0.0000000000000000     
          34   0.0000000000000000     
          35   0.0000000000000000     
          36   0.0000000000000000     
          37   0.0000000000000000     
          38   0.0000000000000000     
          39   0.0000000000000000     
          40   0.0000000000000000     
 on 40 levels: cloudsat cfad ze (2372)
   1  0.0  0.0  0.0  0.0  0.0  0.0  0.0  0.0  0.0  0.0  0.0  0.0  0.0  0.0  0.0
   2  0.0  0.0  0.0  0.0  0.0  0.0  0.0  0.0  0.0  0.0  0.0  0.0  0.0  0.0  0.0
   3  0.0  0.0  0.0  0.0  0.0  0.0  0.0  0.0  0.0  0.0  0.0  0.0  0.0  0.0  0.0
   4  0.0  0.0  0.0  0.0  0.0  0.0  0.0  0.0  0.0  0.0  0.0  0.0  0.0  0.0  0.0
   5  0.0  0.0  0.0  0.0  0.0  0.0  0.0  0.0  0.0  0.0  0.0  0.0  0.0  0.0  0.0
   6  0.0  0.0  0.0  0.0  0.0  0.0  0.0  0.0  0.0  0.0  0.0  0.0  0.0  0.0  0.0
   7  0.0  0.0  0.0  0.0  0.0  0.0  0.0  0.0  0.0  0.0  0.0  0.0  0.0  0.0  0.0
   8  0.0  0.0  0.0  0.0  0.0  0.0  0.0  0.0  0.0  0.0  0.0  0.0  0.0  0.0  0.0
   9  0.0  0.0  0.0  0.0  0.0  0.0  0.0  0.0  0.0  0.0  0.0  0.0  0.0  0.0  0.0
  10  0.0  0.0  0.0  0.0  0.0  0.0  0.0  0.0  0.0  0.0  0.0  0.0  0.0  0.0  0.0
  11  0.0  0.0  0.0  0.0  0.0  0.0  0.0  0.0  0.0  0.0  0.0  0.0  0.0  0.0  0.0
  12  0.0  0.0  0.0  0.0  0.0  0.0  0.0  0.0  0.0  0.0  0.0  0.0  0.0  0.0  0.0
  13  0.0  0.0  0.0  0.0  0.0  0.0  0.0  0.0  0.0  0.0  0.0  0.0  0.0  0.0  0.0
  14  0.0  0.0  0.0  0.0  0.0  0.0  0.0  0.0  0.0  0.0  0.0  0.0  0.0  0.0  0.0
  15  0.0  0.0  0.0  0.0  0.0  0.0  0.0  0.0  0.0  0.0  0.0  0.0  0.0  0.0  0.0
  16  0.0  0.0  0.0  0.0  0.0  0.0  0.0  0.0  0.0  0.0  0.0  0.0  0.0  0.0  0.0
  17  1.0  0.0  0.0  0.0  0.0  0.0  0.0  0.0  0.0  0.0  0.0  0.0  0.0  0.0  0.0
  18  1.0  0.0  0.0  0.0  0.0  0.0  0.0  0.0  0.0  0.0  0.0  0.0  0.0  0.0  0.0
  19  1.0  0.0  0.0  0.0  0.0  0.0  0.0  0.0  0.0  0.0  0.0  0.0  0.0  0.0  0.0
  20  0.0  1.0  0.0  0.0  0.0  0.0  0.0  0.0  0.0  0.0  0.0  0.0  0.0  0.0  0.0
  21  0.0  1.0  0.0  0.0  0.0  0.0  0.0  0.0  0.0  0.0  0.0  0.0  0.0  0.0  0.0
  22  1.0  0.0  0.0  0.0  0.0  0.0  0.0  0.0  0.0  0.0  0.0  0.0  0.0  0.0  0.0
  23  1.0  0.0  0.0  0.0  0.0  0.0  0.0  0.0  0.0  0.0  0.0  0.0  0.0  0.0  0.0
  24  1.0  0.0  0.0  0.0  0.0  0.0  0.0  0.0  0.0  0.0  0.0  0.0  0.0  0.0  0.0
  25  1.0  0.0  0.0  0.0  0.0  0.0  0.0  0.0  0.0  0.0  0.0  0.0  0.0  0.0  0.0
  26  1.0  0.0  0.0  0.0  0.0  0.0  0.0  0.0  0.0  0.0  0.0  0.0  0.0  0.0  0.0
  27  1.0  0.0  0.0  0.0  0.0  0.0  0.0  0.0  0.0  0.0  0.0  0.0  0.0  0.0  0.0
  28  1.0  0.0  0.0  0.0  0.0  0.0  0.0  0.0  0.0  0.0  0.0  0.0  0.0  0.0  0.0
  29  1.0  0.0  0.0  0.0  0.0  0.0  0.0  0.0  0.0  0.0  0.0  0.0  0.0  0.0  0.0
  30  1.0  0.0  0.0  0.0  0.0  0.0  0.0  0.0  0.0  0.0  0.0  0.0  0.0  0.0  0.0
  31  1.0  0.0  0.0  0.0  0.0  0.0  0.0  0.0  0.0  0.0  0.0  0.0  0.0  0.0  0.0
  32  1.0  0.0  0.0  0.0  0.0  0.0  0.0  0.0  0.0  0.0  0.0  0.0  0.0  0.0  0.0
  33  0.0  0.0  0.0  0.0  0.0  0.0  0.0  0.0  0.0  0.0  0.0  0.0  0.0  0.0  0.0
  34  1.0  0.0  0.0  0.0  0.0  0.0  0.0  0.0  0.0  0.0  0.0  0.0  0.0  0.0  0.0
  35  1.0  0.0  0.0  0.0  0.0  0.0  0.0  0.0  0.0  0.0  0.0  0.0  0.0  0.0  0.0
  36  0.0  0.0  0.0  0.0  0.0  0.0  0.0  0.0  0.0  0.0  0.0  0.0  0.0  0.0  0.0
  37  0.0  0.0  0.0  0.0  0.0  0.0  0.0  0.0  0.0  0.0  0.0  0.0  0.0  0.0  0.0
  38  0.0  0.0  0.0  0.0  0.0  0.0  0.0  0.0  0.0  0.0  0.0  0.0  0.0  0.0  0.0
  39  0.0  0.0  0.0  0.0  0.0  0.0  0.0  0.0  0.0  0.0  0.0  0.0  0.0  0.0  0.0
  40  0.0  0.0  0.0  0.0  0.0  0.0  0.0  0.0  0.0  0.0  0.0  0.0  0.0  0.0  0.0
 profile:          141
 cloud_weights (2330)
   1.0000000000000000     
 ctp_tau_histogram (2337)
  0.0  0.0  0.0  0.0  0.0  0.0  0.0
  0.0  0.0  0.0  0.0  0.0  0.0  0.0
  0.0  0.0  0.0  0.0  0.0  0.0  0.0
  0.0  0.0  0.0  0.0  0.0  0.0  0.0
  0.0  0.0  0.0  0.0  0.0  0.0  0.0
  1.0  0.0  0.0  0.0  0.0  0.0  0.0
  0.0  0.0  0.0  0.0  0.0  0.0  0.0
 calipso_tot_backscatter (2341)
   1    0.125938E-05
   2    0.124679E-05
   3    0.123165E-05
   4    0.121874E-05
   5    0.120418E-05
   6    0.118607E-05
   7    0.116461E-05
   8    0.113852E-05
   9    0.110830E-05
  10    0.107261E-05
  11    0.103765E-05
  12    0.998872E-06
  13    0.955480E-06
  14    0.911782E-06
  15    0.865206E-06
  16    0.817066E-06
  17    0.768800E-06
  18    0.719977E-06
  19    0.673377E-06
  20    0.624921E-06
  21    0.576440E-06
  22    0.529243E-06
  23    0.483043E-06
  24    0.434852E-06
  25    0.377837E-06
  26    0.321964E-06
  27    0.273182E-06
  28    0.231016E-06
  29    0.192706E-06
  30    0.157486E-06
  31    0.127077E-06
  32    0.100347E-06
  33    0.771177E-07
  34    0.576686E-07
  35    0.413078E-07
  36    0.273622E-07
  37    0.154509E-07
  38    0.603031E-08
 low/mid/high-level cloud mask/value (2321-2323, 2344-2346)
  1.0  0.0  1.0  0.0  1.0  0.0
 on 40 levels: 
 cf mask/liq/ice/undet and cfad_sr_backscatter_bins (2325, 2473-2475 and 2370)
   1  1.0  0.0  0.0  0.0  0.0  1.0  0.0  0.0  0.0  0.0  0.0  0.0  0.0  0.0  0.0  0.0  0.0  0.0  0.0
   2  1.0  0.0  0.0  0.0  0.0  1.0  0.0  0.0  0.0  0.0  0.0  0.0  0.0  0.0  0.0  0.0  0.0  0.0  0.0
   3  1.0  0.0  0.0  0.0  0.0  1.0  0.0  0.0  0.0  0.0  0.0  0.0  0.0  0.0  0.0  0.0  0.0  0.0  0.0
   4  1.0  0.0  0.0  0.0  0.0  1.0  0.0  0.0  0.0  0.0  0.0  0.0  0.0  0.0  0.0  0.0  0.0  0.0  0.0
   5  1.0  0.0  0.0  0.0  0.0  1.0  0.0  0.0  0.0  0.0  0.0  0.0  0.0  0.0  0.0  0.0  0.0  0.0  0.0
   6  1.0  0.0  0.0  0.0  0.0  1.0  0.0  0.0  0.0  0.0  0.0  0.0  0.0  0.0  0.0  0.0  0.0  0.0  0.0
   7  1.0  0.0  0.0  0.0  0.0  1.0  0.0  0.0  0.0  0.0  0.0  0.0  0.0  0.0  0.0  0.0  0.0  0.0  0.0
   8  1.0  0.0  0.0  0.0  0.0  1.0  0.0  0.0  0.0  0.0  0.0  0.0  0.0  0.0  0.0  0.0  0.0  0.0  0.0
   9  1.0  0.0  0.0  0.0  0.0  1.0  0.0  0.0  0.0  0.0  0.0  0.0  0.0  0.0  0.0  0.0  0.0  0.0  0.0
  10  1.0  0.0  0.0  0.0  0.0  1.0  0.0  0.0  0.0  0.0  0.0  0.0  0.0  0.0  0.0  0.0  0.0  0.0  0.0
  11  1.0  0.0  0.0  0.0  0.0  1.0  0.0  0.0  0.0  0.0  0.0  0.0  0.0  0.0  0.0  0.0  0.0  0.0  0.0
  12  1.0  0.0  0.0  0.0  0.0  1.0  0.0  0.0  0.0  0.0  0.0  0.0  0.0  0.0  0.0  0.0  0.0  0.0  0.0
  13  1.0  0.0  0.0  0.0  0.0  1.0  0.0  0.0  0.0  0.0  0.0  0.0  0.0  0.0  0.0  0.0  0.0  0.0  0.0
  14  1.0  0.0  0.0  0.0  0.0  1.0  0.0  0.0  0.0  0.0  0.0  0.0  0.0  0.0  0.0  0.0  0.0  0.0  0.0
  15  1.0  0.0  0.0  0.0  0.0  1.0  0.0  0.0  0.0  0.0  0.0  0.0  0.0  0.0  0.0  0.0  0.0  0.0  0.0
  16  1.0  0.0  0.0  0.0  0.0  1.0  0.0  0.0  0.0  0.0  0.0  0.0  0.0  0.0  0.0  0.0  0.0  0.0  0.0
  17  1.0  0.0  0.0  0.0  0.0  1.0  0.0  0.0  0.0  0.0  0.0  0.0  0.0  0.0  0.0  0.0  0.0  0.0  0.0
  18  1.0  0.0  0.0  0.0  0.0  1.0  0.0  0.0  0.0  0.0  0.0  0.0  0.0  0.0  0.0  0.0  0.0  0.0  0.0
  19  1.0  0.0  0.0  0.0  0.0  1.0  0.0  0.0  0.0  0.0  0.0  0.0  0.0  0.0  0.0  0.0  0.0  0.0  0.0
  20  1.0  0.0  0.0  0.0  0.0  1.0  0.0  0.0  0.0  0.0  0.0  0.0  0.0  0.0  0.0  0.0  0.0  0.0  0.0
  21  1.0  0.0  0.0  0.0  0.0  1.0  0.0  0.0  0.0  0.0  0.0  0.0  0.0  0.0  0.0  0.0  0.0  0.0  0.0
  22  1.0  0.0  0.0  0.0  0.0  1.0  0.0  0.0  0.0  0.0  0.0  0.0  0.0  0.0  0.0  0.0  0.0  0.0  0.0
  23  1.0  0.0  0.0  0.0  0.0  1.0  0.0  0.0  0.0  0.0  0.0  0.0  0.0  0.0  0.0  0.0  0.0  0.0  0.0
  24  1.0  0.0  0.0  0.0  0.0  1.0  0.0  0.0  0.0  0.0  0.0  0.0  0.0  0.0  0.0  0.0  0.0  0.0  0.0
  25  1.0  0.0  0.0  0.0  0.0  1.0  0.0  0.0  0.0  0.0  0.0  0.0  0.0  0.0  0.0  0.0  0.0  0.0  0.0
  26  1.0  0.0  0.0  0.0  0.0  1.0  0.0  0.0  0.0  0.0  0.0  0.0  0.0  0.0  0.0  0.0  0.0  0.0  0.0
  27  1.0  0.0  0.0  0.0  0.0  1.0  0.0  0.0  0.0  0.0  0.0  0.0  0.0  0.0  0.0  0.0  0.0  0.0  0.0
  28  1.0  0.0  0.0  0.0  0.0  1.0  0.0  0.0  0.0  0.0  0.0  0.0  0.0  0.0  0.0  0.0  0.0  0.0  0.0
  29  1.0  0.0  0.0  0.0  0.0  1.0  0.0  0.0  0.0  0.0  0.0  0.0  0.0  0.0  0.0  0.0  0.0  0.0  0.0
  30  1.0  0.0  0.0  0.0  0.0  1.0  0.0  0.0  0.0  0.0  0.0  0.0  0.0  0.0  0.0  0.0  0.0  0.0  0.0
  31  1.0  0.0  0.0  0.0  0.0  1.0  0.0  0.0  0.0  0.0  0.0  0.0  0.0  0.0  0.0  0.0  0.0  0.0  0.0
  32  1.0  0.0  0.0  0.0  0.0  1.0  0.0  0.0  0.0  0.0  0.0  0.0  0.0  0.0  0.0  0.0  0.0  0.0  0.0
  33  1.0  0.0  0.0  0.0  0.0  1.0  0.0  0.0  0.0  0.0  0.0  0.0  0.0  0.0  0.0  0.0  0.0  0.0  0.0
  34  1.0  0.0  0.0  0.0  0.0  1.0  0.0  0.0  0.0  0.0  0.0  0.0  0.0  0.0  0.0  0.0  0.0  0.0  0.0
  35  1.0  0.0  0.0  0.0  0.0  1.0  0.0  0.0  0.0  0.0  0.0  0.0  0.0  0.0  0.0  0.0  0.0  0.0  0.0
  36  1.0  0.0  0.0  0.0  0.0  1.0  0.0  0.0  0.0  0.0  0.0  0.0  0.0  0.0  0.0  0.0  0.0  0.0  0.0
  37  1.0  0.0  0.0  0.0  0.0  1.0  0.0  0.0  0.0  0.0  0.0  0.0  0.0  0.0  0.0  0.0  0.0  0.0  0.0
  38  1.0  0.0  0.0  0.0  0.0  1.0  0.0  0.0  0.0  0.0  0.0  0.0  0.0  0.0  0.0  0.0  0.0  0.0  0.0
  39  1.0  0.0  0.0  0.0  0.0  1.0  0.0  0.0  0.0  0.0  0.0  0.0  0.0  0.0  0.0  0.0  0.0  0.0  0.0
  40  1.0  0.0  0.0  0.0  0.0  1.0  0.0  0.0  0.0  0.0  0.0  0.0  0.0  0.0  0.0  0.0  0.0  0.0  0.0
 weighted cloud_albedo (2331)
  -0.0000000000000000     
 weighted ctp (2333)
  -0.0000000000000000     
 weighted total cloud area (2334)
   0.0000000000000000     
 on model levels: calipso_mol_backscatter (2340)
   1    0.125938E-05
   2    0.124679E-05
   3    0.123165E-05
   4    0.121874E-05
   5    0.120418E-05
   6    0.118607E-05
   7    0.116461E-05
   8    0.113852E-05
   9    0.110830E-05
  10    0.107261E-05
  11    0.103765E-05
  12    0.998872E-06
  13    0.955480E-06
  14    0.911782E-06
  15    0.865206E-06
  16    0.817066E-06
  17    0.768800E-06
  18    0.719977E-06
  19    0.673377E-06
  20    0.624921E-06
  21    0.576440E-06
  22    0.529243E-06
  23    0.483043E-06
  24    0.434852E-06
  25    0.377837E-06
  26    0.321964E-06
  27    0.273182E-06
  28    0.231016E-06
  29    0.192706E-06
  30    0.157486E-06
  31    0.127077E-06
  32    0.100347E-06
  33    0.771177E-07
  34    0.576686E-07
  35    0.413078E-07
  36    0.273622E-07
  37    0.154509E-07
  38    0.603031E-08
 on model levels: gbx mean cloudsat ze (2353)
   1    0.000000E+00
   2    0.000000E+00
   3    0.000000E+00
   4    0.000000E+00
   5    0.000000E+00
   6    0.000000E+00
   7    0.000000E+00
   8    0.000000E+00
   9    0.000000E+00
  10    0.000000E+00
  11    0.000000E+00
  12    0.000000E+00
  13    0.000000E+00
  14    0.375850E-07
  15    0.297167E-04
  16    0.159909E-04
  17    0.162383E-05
  18    0.203717E-06
  19    0.263125E-07
  20    0.585092E-04
  21    0.169069E-04
  22    0.539372E-05
  23    0.188536E-05
  24    0.670566E-06
  25    0.251174E-06
  26    0.101333E-06
  27    0.416852E-07
  28    0.260371E-13
  29    0.000000E+00
  30    0.000000E+00
  31    0.000000E+00
  32    0.000000E+00
  33    0.000000E+00
  34    0.000000E+00
  35    0.000000E+00
  36    0.000000E+00
  37    0.000000E+00
  38    0.000000E+00
 on 40 levels: gbx mean cloudsat ze (2354)
   1    0.000000E+00
   2    0.000000E+00
   3    0.000000E+00
   4    0.000000E+00
   5    0.260371E-13
   6    0.260371E-13
   7    0.152004E-07
   8    0.416852E-07
   9    0.676901E-07
  10    0.101333E-06
  11    0.131911E-06
  12    0.251174E-06
  13    0.287081E-06
  14    0.670566E-06
  15    0.719773E-06
  16    0.188536E-05
  17    0.206504E-05
  18    0.539372E-05
  19    0.670145E-05
  20    0.169069E-04
  21    0.270443E-04
  22    0.585092E-04
  23    0.386388E-06
  24    0.267845E-07
  25    0.203717E-06
  26    0.518444E-06
  27    0.162383E-05
  28    0.151028E-04
  29    0.229565E-04
  30    0.473821E-05
  31    0.000000E+00
  32    0.000000E+00
  33    0.000000E+00
  34    0.000000E+00
  35    0.000000E+00
  36    0.000000E+00
  37    0.000000E+00
  38    0.000000E+00
  39    0.000000E+00
  40    0.000000E+00
 on model levels: gbx mean calipso atb (2355)
   1    0.125938E-05
   2    0.124679E-05
   3    0.123165E-05
   4    0.121874E-05
   5    0.120418E-05
   6    0.118607E-05
   7    0.116461E-05
   8    0.113852E-05
   9    0.110830E-05
  10    0.107261E-05
  11    0.103765E-05
  12    0.998872E-06
  13    0.955480E-06
  14    0.911782E-06
  15    0.865206E-06
  16    0.817066E-06
  17    0.768800E-06
  18    0.719977E-06
  19    0.673377E-06
  20    0.624921E-06
  21    0.576440E-06
  22    0.529243E-06
  23    0.483043E-06
  24    0.434852E-06
  25    0.377837E-06
  26    0.321964E-06
  27    0.273182E-06
  28    0.231016E-06
  29    0.192706E-06
  30    0.157486E-06
  31    0.127077E-06
  32    0.100347E-06
  33    0.771177E-07
  34    0.576686E-07
  35    0.413078E-07
  36    0.273622E-07
  37    0.154509E-07
  38    0.603031E-08
 on 40 levels: gbx mean calipso atb (2356)
   1    0.114967E-05
   2    0.118507E-05
   3    0.192706E-06
   4    0.210821E-06
   5    0.231016E-06
   6    0.231016E-06
   7    0.270205E-06
   8    0.273182E-06
   9    0.299806E-06
  10    0.321964E-06
  11    0.338196E-06
  12    0.377837E-06
  13    0.385595E-06
  14    0.434852E-06
  15    0.438153E-06
  16    0.483043E-06
  17    0.487044E-06
  18    0.529243E-06
  19    0.538212E-06
  20    0.576440E-06
  21    0.594785E-06
  22    0.624921E-06
  23    0.656484E-06
  24    0.673782E-06
  25    0.719977E-06
  26    0.741947E-06
  27    0.768800E-06
  28    0.815860E-06
  29    0.845155E-06
  30    0.878022E-06
  31    0.913956E-06
  32    0.955480E-06
  33    0.994840E-06
  34    0.103171E-05
  35    0.106803E-05
  36    0.111217E-05
  37    0.114967E-05
  38    0.118507E-05
  39    0.121875E-05
  40    0.125137E-05
 on 40 levels: calipso_mol_backscatter (2357)
   1    0.164884E-06
   2    0.192706E-06
   3    0.192706E-06
   4    0.210821E-06
   5    0.231016E-06
   6    0.231016E-06
   7    0.270205E-06
   8    0.273182E-06
   9    0.299806E-06
  10    0.321964E-06
  11    0.338196E-06
  12    0.377837E-06
  13    0.385595E-06
  14    0.434852E-06
  15    0.438153E-06
  16    0.483043E-06
  17    0.487044E-06
  18    0.529243E-06
  19    0.538212E-06
  20    0.576440E-06
  21    0.594785E-06
  22    0.624921E-06
  23    0.656484E-06
  24    0.673782E-06
  25    0.719977E-06
  26    0.741947E-06
  27    0.768800E-06
  28    0.815860E-06
  29    0.845155E-06
  30    0.878022E-06
  31    0.913956E-06
  32    0.955480E-06
  33    0.994840E-06
  34    0.103171E-05
  35    0.106803E-05
  36    0.111217E-05
  37    0.114967E-05
  38    0.118507E-05
  39    0.121875E-05
  40    0.125137E-05
 on model levels: calipso+cloudsat cloud (2358)
   1    0.000000E+00
   2    0.000000E+00
   3    0.000000E+00
   4    0.000000E+00
   5    0.000000E+00
   6    0.000000E+00
   7    0.000000E+00
   8    0.000000E+00
   9    0.000000E+00
  10    0.000000E+00
  11    0.000000E+00
  12    0.000000E+00
  13    0.000000E+00
  14    0.000000E+00
  15    0.000000E+00
  16    0.000000E+00
  17    0.000000E+00
  18    0.000000E+00
  19    0.000000E+00
  20    0.000000E+00
  21    0.000000E+00
  22    0.000000E+00
  23    0.000000E+00
  24    0.000000E+00
  25    0.000000E+00
  26    0.000000E+00
  27    0.000000E+00
  28    0.000000E+00
  29    0.000000E+00
  30    0.000000E+00
  31    0.000000E+00
  32    0.000000E+00
  33    0.000000E+00
  34    0.000000E+00
  35    0.000000E+00
  36    0.000000E+00
  37    0.000000E+00
  38    0.000000E+00
 on 40 levels: calipso+cloudsat cloud (2359)
   1    0.000000E+00
   2    0.000000E+00
   3    0.000000E+00
   4    0.000000E+00
   5    0.000000E+00
   6    0.000000E+00
   7    0.000000E+00
   8    0.000000E+00
   9    0.000000E+00
  10    0.000000E+00
  11    0.000000E+00
  12    0.000000E+00
  13    0.000000E+00
  14    0.000000E+00
  15    0.000000E+00
  16    0.000000E+00
  17    0.000000E+00
  18    0.000000E+00
  19    0.000000E+00
  20    0.000000E+00
  21    0.000000E+00
  22    0.000000E+00
  23    0.000000E+00
  24    0.000000E+00
  25    0.000000E+00
  26    0.000000E+00
  27    0.000000E+00
  28    0.000000E+00
  29    0.000000E+00
  30    0.000000E+00
  31    0.000000E+00
  32    0.000000E+00
  33    0.000000E+00
  34    0.000000E+00
  35    0.000000E+00
  36    0.000000E+00
  37    0.000000E+00
  38    0.000000E+00
  39    0.000000E+00
  40    0.000000E+00
 on 40 levels: calipso cloud area (2371)
           1   0.0000000000000000     
           2   0.0000000000000000     
           3   0.0000000000000000     
           4   0.0000000000000000     
           5   0.0000000000000000     
           6   0.0000000000000000     
           7   0.0000000000000000     
           8   0.0000000000000000     
           9   0.0000000000000000     
          10   0.0000000000000000     
          11   0.0000000000000000     
          12   0.0000000000000000     
          13   0.0000000000000000     
          14   0.0000000000000000     
          15   0.0000000000000000     
          16   0.0000000000000000     
          17   0.0000000000000000     
          18   0.0000000000000000     
          19   0.0000000000000000     
          20   0.0000000000000000     
          21   0.0000000000000000     
          22   0.0000000000000000     
          23   0.0000000000000000     
          24   0.0000000000000000     
          25   0.0000000000000000     
          26   0.0000000000000000     
          27   0.0000000000000000     
          28   0.0000000000000000     
          29   0.0000000000000000     
          30   0.0000000000000000     
          31   0.0000000000000000     
          32   0.0000000000000000     
          33   0.0000000000000000     
          34   0.0000000000000000     
          35   0.0000000000000000     
          36   0.0000000000000000     
          37   0.0000000000000000     
          38   0.0000000000000000     
          39   0.0000000000000000     
          40   0.0000000000000000     
 on 40 levels: cloudsat cfad ze (2372)
   1  0.0  0.0  0.0  0.0  0.0  0.0  0.0  0.0  0.0  0.0  0.0  0.0  0.0  0.0  0.0
   2  0.0  0.0  0.0  0.0  0.0  0.0  0.0  0.0  0.0  0.0  0.0  0.0  0.0  0.0  0.0
   3  0.0  0.0  0.0  0.0  0.0  0.0  0.0  0.0  0.0  0.0  0.0  0.0  0.0  0.0  0.0
   4  0.0  0.0  0.0  0.0  0.0  0.0  0.0  0.0  0.0  0.0  0.0  0.0  0.0  0.0  0.0
   5  0.0  0.0  0.0  0.0  0.0  0.0  0.0  0.0  0.0  0.0  0.0  0.0  0.0  0.0  0.0
   6  0.0  0.0  0.0  0.0  0.0  0.0  0.0  0.0  0.0  0.0  0.0  0.0  0.0  0.0  0.0
   7  0.0  0.0  0.0  0.0  0.0  0.0  0.0  0.0  0.0  0.0  0.0  0.0  0.0  0.0  0.0
   8  0.0  0.0  0.0  0.0  0.0  0.0  0.0  0.0  0.0  0.0  0.0  0.0  0.0  0.0  0.0
   9  0.0  0.0  0.0  0.0  0.0  0.0  0.0  0.0  0.0  0.0  0.0  0.0  0.0  0.0  0.0
  10  0.0  0.0  0.0  0.0  0.0  0.0  0.0  0.0  0.0  0.0  0.0  0.0  0.0  0.0  0.0
  11  1.0  0.0  0.0  0.0  0.0  0.0  0.0  0.0  0.0  0.0  0.0  0.0  0.0  0.0  0.0
  12  1.0  0.0  0.0  0.0  0.0  0.0  0.0  0.0  0.0  0.0  0.0  0.0  0.0  0.0  0.0
  13  1.0  0.0  0.0  0.0  0.0  0.0  0.0  0.0  0.0  0.0  0.0  0.0  0.0  0.0  0.0
  14  1.0  0.0  0.0  0.0  0.0  0.0  0.0  0.0  0.0  0.0  0.0  0.0  0.0  0.0  0.0
  15  1.0  0.0  0.0  0.0  0.0  0.0  0.0  0.0  0.0  0.0  0.0  0.0  0.0  0.0  0.0
  16  1.0  0.0  0.0  0.0  0.0  0.0  0.0  0.0  0.0  0.0  0.0  0.0  0.0  0.0  0.0
  17  1.0  0.0  0.0  0.0  0.0  0.0  0.0  0.0  0.0  0.0  0.0  0.0  0.0  0.0  0.0
  18  1.0  0.0  0.0  0.0  0.0  0.0  0.0  0.0  0.0  0.0  0.0  0.0  0.0  0.0  0.0
  19  1.0  0.0  0.0  0.0  0.0  0.0  0.0  0.0  0.0  0.0  0.0  0.0  0.0  0.0  0.0
  20  1.0  0.0  0.0  0.0  0.0  0.0  0.0  0.0  0.0  0.0  0.0  0.0  0.0  0.0  0.0
  21  1.0  0.0  0.0  0.0  0.0  0.0  0.0  0.0  0.0  0.0  0.0  0.0  0.0  0.0  0.0
  22  1.0  0.0  0.0  0.0  0.0  0.0  0.0  0.0  0.0  0.0  0.0  0.0  0.0  0.0  0.0
  23  0.0  1.0  0.0  0.0  0.0  0.0  0.0  0.0  0.0  0.0  0.0  0.0  0.0  0.0  0.0
  24  0.0  1.0  0.0  0.0  0.0  0.0  0.0  0.0  0.0  0.0  0.0  0.0  0.0  0.0  0.0
  25  1.0  0.0  0.0  0.0  0.0  0.0  0.0  0.0  0.0  0.0  0.0  0.0  0.0  0.0  0.0
  26  1.0  0.0  0.0  0.0  0.0  0.0  0.0  0.0  0.0  0.0  0.0  0.0  0.0  0.0  0.0
  27  1.0  0.0  0.0  0.0  0.0  0.0  0.0  0.0  0.0  0.0  0.0  0.0  0.0  0.0  0.0
  28  1.0  0.0  0.0  0.0  0.0  0.0  0.0  0.0  0.0  0.0  0.0  0.0  0.0  0.0  0.0
  29  1.0  0.0  0.0  0.0  0.0  0.0  0.0  0.0  0.0  0.0  0.0  0.0  0.0  0.0  0.0
  30  1.0  0.0  0.0  0.0  0.0  0.0  0.0  0.0  0.0  0.0  0.0  0.0  0.0  0.0  0.0
  31  1.0  0.0  0.0  0.0  0.0  0.0  0.0  0.0  0.0  0.0  0.0  0.0  0.0  0.0  0.0
  32  1.0  0.0  0.0  0.0  0.0  0.0  0.0  0.0  0.0  0.0  0.0  0.0  0.0  0.0  0.0
  33  1.0  0.0  0.0  0.0  0.0  0.0  0.0  0.0  0.0  0.0  0.0  0.0  0.0  0.0  0.0
  34  1.0  0.0  0.0  0.0  0.0  0.0  0.0  0.0  0.0  0.0  0.0  0.0  0.0  0.0  0.0
  35  0.0  0.0  0.0  0.0  0.0  0.0  0.0  0.0  0.0  0.0  0.0  0.0  0.0  0.0  0.0
  36  0.0  0.0  0.0  0.0  0.0  0.0  0.0  0.0  0.0  0.0  0.0  0.0  0.0  0.0  0.0
  37  0.0  0.0  0.0  0.0  0.0  0.0  0.0  0.0  0.0  0.0  0.0  0.0  0.0  0.0  0.0
  38  0.0  0.0  0.0  0.0  0.0  0.0  0.0  0.0  0.0  0.0  0.0  0.0  0.0  0.0  0.0
  39  0.0  0.0  0.0  0.0  0.0  0.0  0.0  0.0  0.0  0.0  0.0  0.0  0.0  0.0  0.0
  40  0.0  0.0  0.0  0.0  0.0  0.0  0.0  0.0  0.0  0.0  0.0  0.0  0.0  0.0  0.0
 profile:          151
 cloud_weights (2330)
   1.0000000000000000     
 ctp_tau_histogram (2337)
  0.0  0.0  0.0  0.0  1.0  0.0  0.0
  0.0  0.0  0.0  0.0  0.0  0.0  0.0
  0.0  0.0  0.0  0.0  0.0  0.0  0.0
  0.0  0.0  0.0  0.0  0.0  0.0  0.0
  0.0  0.0  0.0  0.0  0.0  0.0  0.0
  0.0  0.0  0.0  0.0  0.0  0.0  0.0
  0.0  0.0  0.0  0.0  0.0  0.0  0.0
 calipso_tot_backscatter (2341)
   1    0.000000E+00
   2    0.000000E+00
   3    0.000000E+00
   4    0.000000E+00
   5    0.000000E+00
   6    0.000000E+00
   7    0.000000E+00
   8    0.000000E+00
   9    0.000000E+00
  10    0.000000E+00
  11    0.000000E+00
  12    0.000000E+00
  13    0.000000E+00
  14    0.000000E+00
  15    0.000000E+00
  16    0.000000E+00
  17    0.000000E+00
  18    0.000000E+00
  19    0.373556E-31
  20    0.967153E-21
  21    0.139912E-22
  22    0.128383E-22
  23    0.344172E-04
  24    0.428804E-06
  25    0.364940E-06
  26    0.310214E-06
  27    0.264282E-06
  28    0.223955E-06
  29    0.187446E-06
  30    0.154724E-06
  31    0.125751E-06
  32    0.998236E-07
  33    0.769702E-07
  34    0.575889E-07
  35    0.410344E-07
  36    0.271198E-07
  37    0.153762E-07
  38    0.602126E-08
 low/mid/high-level cloud mask/value (2321-2323, 2344-2346)
  0.0  0.0  0.0  0.0  1.0  1.0
 on 40 levels: 
 cf mask/liq/ice/undet and cfad_sr_backscatter_bins (2325, 2473-2475 and 2370)
   1  1.0  0.0  0.0  0.0  0.0  1.0  0.0  0.0  0.0  0.0  0.0  0.0  0.0  0.0  0.0  0.0  0.0  0.0  0.0
   2  1.0  0.0  0.0  0.0  0.0  1.0  0.0  0.0  0.0  0.0  0.0  0.0  0.0  0.0  0.0  0.0  0.0  0.0  0.0
   3  1.0  0.0  0.0  0.0  0.0  1.0  0.0  0.0  0.0  0.0  0.0  0.0  0.0  0.0  0.0  0.0  0.0  0.0  0.0
   4  1.0  0.0  0.0  0.0  0.0  1.0  0.0  0.0  0.0  0.0  0.0  0.0  0.0  0.0  0.0  0.0  0.0  0.0  0.0
   5  1.0  0.0  0.0  0.0  0.0  1.0  0.0  0.0  0.0  0.0  0.0  0.0  0.0  0.0  0.0  0.0  0.0  0.0  0.0
   6  1.0  0.0  0.0  0.0  0.0  1.0  0.0  0.0  0.0  0.0  0.0  0.0  0.0  0.0  0.0  0.0  0.0  0.0  0.0
   7  1.0  0.0  0.0  0.0  0.0  1.0  0.0  0.0  0.0  0.0  0.0  0.0  0.0  0.0  0.0  0.0  0.0  0.0  0.0
   8  1.0  0.0  0.0  0.0  0.0  1.0  0.0  0.0  0.0  0.0  0.0  0.0  0.0  0.0  0.0  0.0  0.0  0.0  0.0
   9  1.0  0.0  0.0  0.0  0.0  1.0  0.0  0.0  0.0  0.0  0.0  0.0  0.0  0.0  0.0  0.0  0.0  0.0  0.0
  10  1.0  0.0  0.0  0.0  0.0  1.0  0.0  0.0  0.0  0.0  0.0  0.0  0.0  0.0  0.0  0.0  0.0  0.0  0.0
  11  1.0  0.0  0.0  0.0  0.0  1.0  0.0  0.0  0.0  0.0  0.0  0.0  0.0  0.0  0.0  0.0  0.0  0.0  0.0
  12  1.0  0.0  0.0  0.0  0.0  1.0  0.0  0.0  0.0  0.0  0.0  0.0  0.0  0.0  0.0  0.0  0.0  0.0  0.0
  13  1.0  0.0  0.0  0.0  0.0  1.0  0.0  0.0  0.0  0.0  0.0  0.0  0.0  0.0  0.0  0.0  0.0  0.0  0.0
  14  1.0  0.0  0.0  0.0  0.0  1.0  0.0  0.0  0.0  0.0  0.0  0.0  0.0  0.0  0.0  0.0  0.0  0.0  0.0
  15  1.0  0.0  1.0  0.0  0.0  0.0  0.0  0.0  1.0  0.0  0.0  0.0  0.0  0.0  0.0  0.0  0.0  0.0  0.0
  16  1.0  0.0  1.0  0.0  0.0  0.0  0.0  0.0  0.0  0.0  0.0  0.0  0.0  0.0  0.0  0.0  0.0  1.0  0.0
  17  1.0  0.0  1.0  0.0  0.0  0.0  0.0  0.0  0.0  0.0  0.0  0.0  0.0  0.0  0.0  0.0  0.0  1.0  0.0
  18  0.0  0.0  0.0  0.0  1.0  0.0  0.0  0.0  0.0  0.0  0.0  0.0  0.0  0.0  0.0  0.0  0.0  0.0  0.0
  19  0.0  0.0  0.0  0.0  1.0  0.0  0.0  0.0  0.0  0.0  0.0  0.0  0.0  0.0  0.0  0.0  0.0  0.0  0.0
  20  0.0  0.0  0.0  0.0  1.0  0.0  0.0  0.0  0.0  0.0  0.0  0.0  0.0  0.0  0.0  0.0  0.0  0.0  0.0
  21  0.0  0.0  0.0  0.0  1.0  0.0  0.0  0.0  0.0  0.0  0.0  0.0  0.0  0.0  0.0  0.0  0.0  0.0  0.0
  22  0.0  0.0  0.0  0.0  1.0  0.0  0.0  0.0  0.0  0.0  0.0  0.0  0.0  0.0  0.0  0.0  0.0  0.0  0.0
  23  0.0  0.0  0.0  0.0  1.0  0.0  0.0  0.0  0.0  0.0  0.0  0.0  0.0  0.0  0.0  0.0  0.0  0.0  0.0
  24  0.0  0.0  0.0  0.0  1.0  0.0  0.0  0.0  0.0  0.0  0.0  0.0  0.0  0.0  0.0  0.0  0.0  0.0  0.0
  25  0.0  0.0  0.0  0.0  1.0  0.0  0.0  0.0  0.0  0.0  0.0  0.0  0.0  0.0  0.0  0.0  0.0  0.0  0.0
  26  0.0  0.0  0.0  0.0  1.0  0.0  0.0  0.0  0.0  0.0  0.0  0.0  0.0  0.0  0.0  0.0  0.0  0.0  0.0
  27  0.0  0.0  0.0  0.0  1.0  0.0  0.0  0.0  0.0  0.0  0.0  0.0  0.0  0.0  0.0  0.0  0.0  0.0  0.0
  28  0.0  0.0  0.0  0.0  1.0  0.0  0.0  0.0  0.0  0.0  0.0  0.0  0.0  0.0  0.0  0.0  0.0  0.0  0.0
  29  0.0  0.0  0.0  0.0  1.0  0.0  0.0  0.0  0.0  0.0  0.0  0.0  0.0  0.0  0.0  0.0  0.0  0.0  0.0
  30  0.0  0.0  0.0  0.0  1.0  0.0  0.0  0.0  0.0  0.0  0.0  0.0  0.0  0.0  0.0  0.0  0.0  0.0  0.0
  31  0.0  0.0  0.0  0.0  1.0  0.0  0.0  0.0  0.0  0.0  0.0  0.0  0.0  0.0  0.0  0.0  0.0  0.0  0.0
  32  0.0  0.0  0.0  0.0  1.0  0.0  0.0  0.0  0.0  0.0  0.0  0.0  0.0  0.0  0.0  0.0  0.0  0.0  0.0
  33  0.0  0.0  0.0  0.0  1.0  0.0  0.0  0.0  0.0  0.0  0.0  0.0  0.0  0.0  0.0  0.0  0.0  0.0  0.0
  34  0.0  0.0  0.0  0.0  1.0  0.0  0.0  0.0  0.0  0.0  0.0  0.0  0.0  0.0  0.0  0.0  0.0  0.0  0.0
  35  0.0  0.0  0.0  0.0  1.0  0.0  0.0  0.0  0.0  0.0  0.0  0.0  0.0  0.0  0.0  0.0  0.0  0.0  0.0
  36  0.0  0.0  0.0  0.0  1.0  0.0  0.0  0.0  0.0  0.0  0.0  0.0  0.0  0.0  0.0  0.0  0.0  0.0  0.0
  37  0.0  0.0  0.0  0.0  1.0  0.0  0.0  0.0  0.0  0.0  0.0  0.0  0.0  0.0  0.0  0.0  0.0  0.0  0.0
  38  0.0  0.0  0.0  0.0  1.0  0.0  0.0  0.0  0.0  0.0  0.0  0.0  0.0  0.0  0.0  0.0  0.0  0.0  0.0
  39  0.0  0.0  0.0  0.0  1.0  0.0  0.0  0.0  0.0  0.0  0.0  0.0  0.0  0.0  0.0  0.0  0.0  0.0  0.0
  40  0.0  0.0  0.0  0.0  1.0  0.0  0.0  0.0  0.0  0.0  0.0  0.0  0.0  0.0  0.0  0.0  0.0  0.0  0.0
 weighted cloud_albedo (2331)
  0.52325254678726196     
 weighted ctp (2333)
   94960.562500000000     
 weighted total cloud area (2334)
   1.0000000000000000     
 on model levels: calipso_mol_backscatter (2340)
   1    0.124260E-05
   2    0.123812E-05
   3    0.123038E-05
   4    0.121885E-05
   5    0.120415E-05
   6    0.118317E-05
   7    0.116103E-05
   8    0.112960E-05
   9    0.110086E-05
  10    0.106904E-05
  11    0.103077E-05
  12    0.992536E-06
  13    0.954488E-06
  14    0.906760E-06
  15    0.862184E-06
  16    0.816539E-06
  17    0.764670E-06
  18    0.722041E-06
  19    0.670276E-06
  20    0.625310E-06
  21    0.577193E-06
  22    0.529630E-06
  23    0.483537E-06
  24    0.428804E-06
  25    0.364940E-06
  26    0.310214E-06
  27    0.264282E-06
  28    0.223955E-06
  29    0.187446E-06
  30    0.154724E-06
  31    0.125751E-06
  32    0.998236E-07
  33    0.769702E-07
  34    0.575889E-07
  35    0.410344E-07
  36    0.271198E-07
  37    0.153762E-07
  38    0.602126E-08
 on model levels: gbx mean cloudsat ze (2353)
   1    0.000000E+00
   2    0.000000E+00
   3    0.000000E+00
   4    0.000000E+00
   5    0.000000E+00
   6    0.000000E+00
   7    0.000000E+00
   8    0.000000E+00
   9    0.000000E+00
  10    0.000000E+00
  11    0.000000E+00
  12    0.000000E+00
  13    0.000000E+00
  14    0.000000E+00
  15    0.833783E-04
  16    0.283372E-02
  17    0.266660E-01
  18    0.980418E-01
  19    0.171254E+00
  20    0.102493E+01
  21    0.159671E+01
  22    0.168909E+01
  23    0.167301E+01
  24    0.103776E+01
  25    0.101382E+01
  26    0.170430E+01
  27    0.164613E+01
  28    0.270005E+02
  29    0.219871E+02
  30    0.150651E+02
  31    0.104846E+02
  32    0.764636E+01
  33    0.545035E+01
  34    0.419936E+01
  35    0.327063E+01
  36    0.283871E+01
  37    0.245671E+01
  38    0.248329E+01
 on 40 levels: gbx mean cloudsat ze (2354)
   1    0.163103E+02
   2    0.219871E+02
   3    0.219871E+02
   4    0.242297E+02
   5    0.270005E+02
   6    0.270005E+02
   7    0.200510E+01
   8    0.164613E+01
   9    0.167765E+01
  10    0.170430E+01
  11    0.146498E+01
  12    0.101382E+01
  13    0.101708E+01
  14    0.103776E+01
  15    0.107329E+01
  16    0.167301E+01
  17    0.167444E+01
  18    0.168909E+01
  19    0.167080E+01
  20    0.159671E+01
  21    0.134743E+01
  22    0.102493E+01
  23    0.316436E+00
  24    0.169812E+00
  25    0.980418E-01
  26    0.540398E-01
  27    0.266660E-01
  28    0.293997E-02
  29    0.350051E-03
  30    0.000000E+00
  31    0.000000E+00
  32    0.000000E+00
  33    0.000000E+00
  34    0.000000E+00
  35    0.000000E+00
  36    0.000000E+00
  37    0.000000E+00
  38    0.000000E+00
  39    0.000000E+00
  40    0.000000E+00
 on model levels: gbx mean calipso atb (2355)
   1    0.000000E+00
   2    0.000000E+00
   3    0.000000E+00
   4    0.000000E+00
   5    0.000000E+00
   6    0.000000E+00
   7    0.000000E+00
   8    0.000000E+00
   9    0.000000E+00
  10    0.000000E+00
  11    0.000000E+00
  12    0.000000E+00
  13    0.000000E+00
  14    0.000000E+00
  15    0.000000E+00
  16    0.000000E+00
  17    0.000000E+00
  18    0.000000E+00
  19    0.373556E-31
  20    0.967153E-21
  21    0.139912E-22
  22    0.128383E-22
  23    0.344172E-04
  24    0.428804E-06
  25    0.364940E-06
  26    0.310214E-06
  27    0.264282E-06
  28    0.223955E-06
  29    0.187446E-06
  30    0.154724E-06
  31    0.125751E-06
  32    0.998236E-07
  33    0.769702E-07
  34    0.575889E-07
  35    0.410344E-07
  36    0.271198E-07
  37    0.153762E-07
  38    0.602126E-08
 on 40 levels: gbx mean calipso atb (2356)
   1    0.000000E+00
   2    0.000000E+00
   3    0.187446E-06
   4    0.204709E-06
   5    0.223955E-06
   6    0.223955E-06
   7    0.261439E-06
   8    0.264282E-06
   9    0.289368E-06
  10    0.310214E-06
  11    0.326156E-06
  12    0.364940E-06
  13    0.373715E-06
  14    0.428804E-06
  15    0.282498E-05
  16    0.344172E-04
  17    0.313416E-04
  18    0.128383E-22
  19    0.130615E-22
  20    0.139912E-22
  21    0.378953E-21
  22    0.967153E-21
  23    0.331877E-21
  24    0.367891E-31
  25    0.000000E+00
  26    0.000000E+00
  27    0.000000E+00
  28    0.000000E+00
  29    0.000000E+00
  30    0.000000E+00
  31    0.000000E+00
  32    0.000000E+00
  33    0.000000E+00
  34    0.000000E+00
  35    0.000000E+00
  36    0.000000E+00
  37    0.000000E+00
  38    0.000000E+00
  39    0.000000E+00
  40    0.000000E+00
 on 40 levels: calipso_mol_backscatter (2357)
   1    0.161597E-06
   2    0.187446E-06
   3    0.187446E-06
   4    0.204709E-06
   5    0.223955E-06
   6    0.223955E-06
   7    0.261439E-06
   8    0.264282E-06
   9    0.289368E-06
  10    0.310214E-06
  11    0.326156E-06
  12    0.364940E-06
  13    0.373715E-06
  14    0.428804E-06
  15    0.432663E-06
  16    0.483537E-06
  17    0.487656E-06
  18    0.529630E-06
  19    0.538839E-06
  20    0.577193E-06
  21    0.595617E-06
  22    0.625310E-06
  23    0.654846E-06
  24    0.671061E-06
  25    0.722041E-06
  26    0.741544E-06
  27    0.764670E-06
  28    0.815687E-06
  29    0.843612E-06
  30    0.874925E-06
  31    0.909692E-06
  32    0.954488E-06
  33    0.989484E-06
  34    0.102544E-05
  35    0.106459E-05
  36    0.110556E-05
  37    0.114358E-05
  38    0.118339E-05
  39    0.121897E-05
  40    0.123996E-05
 on model levels: calipso+cloudsat cloud (2358)
   1    0.000000E+00
   2    0.000000E+00
   3    0.000000E+00
   4    0.000000E+00
   5    0.000000E+00
   6    0.000000E+00
   7    0.000000E+00
   8    0.000000E+00
   9    0.000000E+00
  10    0.000000E+00
  11    0.000000E+00
  12    0.000000E+00
  13    0.000000E+00
  14    0.000000E+00
  15    0.000000E+00
  16    0.100000E+01
  17    0.100000E+01
  18    0.100000E+01
  19    0.100000E+01
  20    0.100000E+01
  21    0.100000E+01
  22    0.100000E+01
  23    0.100000E+01
  24    0.100000E+01
  25    0.100000E+01
  26    0.100000E+01
  27    0.100000E+01
  28    0.100000E+01
  29    0.100000E+01
  30    0.100000E+01
  31    0.100000E+01
  32    0.100000E+01
  33    0.100000E+01
  34    0.100000E+01
  35    0.100000E+01
  36    0.100000E+01
  37    0.100000E+01
  38    0.100000E+01
 on 40 levels: calipso+cloudsat cloud (2359)
   1    0.100000E+01
   2    0.100000E+01
   3    0.100000E+01
   4    0.100000E+01
   5    0.100000E+01
   6    0.100000E+01
   7    0.100000E+01
   8    0.100000E+01
   9    0.100000E+01
  10    0.100000E+01
  11    0.100000E+01
  12    0.100000E+01
  13    0.100000E+01
  14    0.100000E+01
  15    0.100000E+01
  16    0.100000E+01
  17    0.100000E+01
  18    0.100000E+01
  19    0.100000E+01
  20    0.100000E+01
  21    0.100000E+01
  22    0.100000E+01
  23    0.100000E+01
  24    0.100000E+01
  25    0.100000E+01
  26    0.100000E+01
  27    0.100000E+01
  28    0.100000E+01
  29    0.000000E+00
  30    0.000000E+00
  31    0.000000E+00
  32    0.000000E+00
  33    0.000000E+00
  34    0.000000E+00
  35    0.000000E+00
  36    0.000000E+00
  37    0.000000E+00
  38    0.000000E+00
  39    0.000000E+00
  40    0.000000E+00
 on 40 levels: calipso cloud area (2371)
           1   0.0000000000000000     
           2   0.0000000000000000     
           3   0.0000000000000000     
           4   0.0000000000000000     
           5   0.0000000000000000     
           6   0.0000000000000000     
           7   0.0000000000000000     
           8   0.0000000000000000     
           9   0.0000000000000000     
          10   0.0000000000000000     
          11   0.0000000000000000     
          12   0.0000000000000000     
          13   0.0000000000000000     
          14   0.0000000000000000     
          15   1.0000000000000000     
          16   1.0000000000000000     
          17   1.0000000000000000     
          18  -1.0000000150474662E+028
          19  -1.0000000150474662E+028
          20  -1.0000000150474662E+028
          21  -1.0000000150474662E+028
          22  -1.0000000150474662E+028
          23  -1.0000000150474662E+028
          24  -1.0000000150474662E+028
          25  -1.0000000150474662E+028
          26  -1.0000000150474662E+028
          27  -1.0000000150474662E+028
          28  -1.0000000150474662E+028
          29  -1.0000000150474662E+028
          30  -1.0000000150474662E+028
          31  -1.0000000150474662E+028
          32  -1.0000000150474662E+028
          33  -1.0000000150474662E+028
          34  -1.0000000150474662E+028
          35  -1.0000000150474662E+028
          36  -1.0000000150474662E+028
          37  -1.0000000150474662E+028
          38  -1.0000000150474662E+028
          39  -1.0000000150474662E+028
          40  -1.0000000150474662E+028
 on 40 levels: cloudsat cfad ze (2372)
   1  0.0  0.0  0.0  0.0  0.0  0.0  0.0  0.0  0.0  0.0  0.0  0.0  0.0  0.0  0.0
   2  0.0  0.0  0.0  0.0  0.0  0.0  0.0  0.0  0.0  0.0  0.0  0.0  0.0  0.0  0.0
   3  0.0  0.0  0.0  0.0  0.0  0.0  0.0  0.0  0.0  0.0  0.0  0.0  0.0  0.0  0.0
   4  0.0  0.0  0.0  0.0  0.0  0.0  0.0  0.0  0.0  0.0  0.0  0.0  0.0  0.0  0.0
   5  0.0  0.0  0.0  0.0  0.0  0.0  0.0  0.0  0.0  0.0  0.0  0.0  0.0  0.0  0.0
   6  0.0  0.0  0.0  0.0  0.0  0.0  0.0  0.0  0.0  0.0  0.0  0.0  0.0  0.0  0.0
   7  0.0  0.0  0.0  0.0  0.0  0.0  0.0  0.0  0.0  0.0  0.0  0.0  0.0  0.0  0.0
   8  0.0  0.0  0.0  0.0  0.0  0.0  0.0  0.0  0.0  0.0  0.0  0.0  0.0  0.0  0.0
   9  0.0  0.0  0.0  0.0  0.0  0.0  0.0  0.0  0.0  0.0  0.0  0.0  0.0  0.0  0.0
  10  0.0  0.0  0.0  0.0  0.0  0.0  0.0  0.0  0.0  0.0  0.0  0.0  0.0  0.0  0.0
  11  0.0  0.0  0.0  0.0  0.0  0.0  0.0  0.0  0.0  0.0  0.0  0.0  0.0  0.0  0.0
  12  0.0  0.0  0.0  0.0  0.0  0.0  0.0  0.0  0.0  0.0  0.0  0.0  0.0  0.0  0.0
  13  1.0  0.0  0.0  0.0  0.0  0.0  0.0  0.0  0.0  0.0  0.0  0.0  0.0  0.0  0.0
  14  0.0  1.0  0.0  0.0  0.0  0.0  0.0  0.0  0.0  0.0  0.0  0.0  0.0  0.0  0.0
  15  0.0  0.0  1.0  0.0  0.0  0.0  0.0  0.0  0.0  0.0  0.0  0.0  0.0  0.0  0.0
  16  0.0  0.0  0.0  0.0  1.0  0.0  0.0  0.0  0.0  0.0  0.0  0.0  0.0  0.0  0.0
  17  0.0  0.0  0.0  0.0  0.0  1.0  0.0  0.0  0.0  0.0  0.0  0.0  0.0  0.0  0.0
  18  0.0  0.0  0.0  0.0  0.0  0.0  1.0  0.0  0.0  0.0  0.0  0.0  0.0  0.0  0.0
  19  0.0  0.0  0.0  0.0  0.0  0.0  0.0  1.0  0.0  0.0  0.0  0.0  0.0  0.0  0.0
  20  0.0  0.0  0.0  0.0  0.0  0.0  0.0  1.0  0.0  0.0  0.0  0.0  0.0  0.0  0.0
  21  0.0  0.0  0.0  0.0  0.0  0.0  0.0  0.0  1.0  0.0  0.0  0.0  0.0  0.0  0.0
  22  0.0  0.0  0.0  0.0  0.0  0.0  0.0  0.0  1.0  0.0  0.0  0.0  0.0  0.0  0.0
  23  0.0  0.0  0.0  0.0  0.0  0.0  0.0  0.0  0.0  1.0  0.0  0.0  0.0  0.0  0.0
  24  0.0  0.0  0.0  0.0  0.0  0.0  0.0  0.0  0.0  0.0  1.0  0.0  0.0  0.0  0.0
  25  0.0  0.0  0.0  0.0  0.0  0.0  0.0  0.0  0.0  0.0  1.0  0.0  0.0  0.0  0.0
  26  0.0  0.0  0.0  0.0  0.0  0.0  0.0  0.0  0.0  0.0  1.0  0.0  0.0  0.0  0.0
  27  0.0  0.0  0.0  0.0  0.0  0.0  0.0  0.0  0.0  0.0  1.0  0.0  0.0  0.0  0.0
  28  0.0  0.0  0.0  0.0  0.0  0.0  0.0  0.0  0.0  0.0  1.0  0.0  0.0  0.0  0.0
  29  0.0  0.0  0.0  0.0  0.0  0.0  0.0  0.0  0.0  0.0  1.0  0.0  0.0  0.0  0.0
  30  0.0  0.0  0.0  0.0  0.0  0.0  0.0  0.0  0.0  0.0  1.0  0.0  0.0  0.0  0.0
  31  0.0  0.0  0.0  0.0  0.0  0.0  0.0  0.0  0.0  0.0  1.0  0.0  0.0  0.0  0.0
  32  0.0  0.0  0.0  0.0  0.0  0.0  0.0  0.0  0.0  0.0  1.0  0.0  0.0  0.0  0.0
  33  0.0  0.0  0.0  0.0  0.0  0.0  0.0  0.0  0.0  0.0  1.0  0.0  0.0  0.0  0.0
  34  0.0  0.0  0.0  0.0  0.0  0.0  0.0  0.0  0.0  0.0  0.0  0.0  1.0  0.0  0.0
  35  0.0  0.0  0.0  0.0  0.0  0.0  0.0  0.0  0.0  0.0  0.0  0.0  1.0  0.0  0.0
  36  0.0  0.0  0.0  0.0  0.0  0.0  0.0  0.0  0.0  0.0  0.0  0.0  1.0  0.0  0.0
  37  0.0  0.0  0.0  0.0  0.0  0.0  0.0  0.0  0.0  0.0  0.0  1.0  0.0  0.0  0.0
  38  0.0  0.0  0.0  0.0  0.0  0.0  0.0  0.0  0.0  0.0  0.0  1.0  0.0  0.0  0.0
  39  0.0  0.0  0.0  0.0  0.0  0.0  0.0  0.0  0.0  0.0  0.0  1.0  0.0  0.0  0.0
  40  0.0  0.0  0.0  0.0  0.0  0.0  0.0  0.0  0.0  0.0  1.0  0.0  0.0  0.0  0.0
